서울시 기준일,서울시 확진자,서울시 추가 확진,서울시 치료중,서울시 퇴원,서울시 추가 퇴원,서울시 사망,서울시 의심환자 전체,서울시 의심환자 검사중,서울시 의심환자 검사결과(음성),전국 기준일,전국 확진,전국 추가 확진,전국 치료중,전국 퇴원,전국 사망,전국 의심환자 전체,전국 의심환자 검사중,전국 의심환자 검사결과(음성),자가격리자 해외입국자 감시중,자가격리자 해외입국자 감시해제,자가격리자 접촉자 감시중,자가격리자 접촉자 감시해제,확인중 확진자,서울시 당일사망자,전국 당일 사망자
2023.02.03.00,5873340,2551,0,,,6271,,,,2023.02.03.00,30228889,14961,0,,33552,,,,,,,,0,4,30
2023.02.02.00,5870789,2884,0,,,6267,,,,2023.02.02.00,30213928,16862,0,,33522,,,,,,,,0,4,36
2023.02.01.00,5867905,3276,0,,,6263,,,,2023.02.01.00,30197066,20420,0,,33486,,,,,,,,0,4,42
2023.01.31.00,5864629,3696,0,,,6259,,,,2023.01.31.00,30176646,19629,0,,33444,,,,,,,,0,3,24
2023.01.30.00,5860933,922,0,,,6256,,,,2023.01.30.00,30157017,7416,0,,33420,,,,,,,,0,4,30
2023.01.29.00,5860011,2924,0,,,6252,,,,2023.01.29.00,30149601,18871,0,,33390,,,,,,,,0,6,29
2023.01.28.00,5857087,4065,0,,,6246,,,,2023.01.28.00,30130730,23612,0,,33361,,,,,,,,0,6,29
2023.01.27.00,5853045,5081,0,,,6240,,,,2023.01.27.00,30107363,31711,0,,33332,,,,,,,,0,5,36
2023.01.26.00,5847964,6815,0,,,6235,,,,2023.01.26.00,30075652,35096,0,,33296,,,,,,,,0,3,26
2023.01.25.00,5841149,3187,0,,,6232,,,,2023.01.25.00,30040556,19538,0,,33270,,,,,,,,0,1,25
2023.01.24.00,5837962,2127,0,,,6231,,,,2023.01.24.00,30021018,12262,0,,33245,,,,,,,,0,1,10
2023.01.23.00,5835835,1439,0,,,6230,,,,2023.01.23.00,30008756,9227,0,,33235,,,,,,,,0,5,26
2023.01.22.00,5834396,2315,0,,,6225,,,,2023.01.22.00,29999529,16624,0,,33209,,,,,,,,0,2,24
2023.01.21.00,5832081,5161,0,,,6223,,,,2023.01.21.00,29982905,27569,0,,33185,,,,,,,,0,5,51
2023.01.20.00,5826942,5016,0,,,6218,,,,2023.01.20.00,29955366,27408,0,,33134,,,,,,,,0,4,30
2023.01.19.00,5821926,5501,0,,,6214,,,,2023.01.19.00,29927958,29816,0,,33104,,,,,,,,0,9,47
2023.01.18.00,5816425,6637,0,,,6205,,,,2023.01.18.00,29898142,36908,0,,33057,,,,,,,,0,9,43
2023.01.17.00,5809788,8550,0,,,6196,,,,2023.01.17.00,29861234,33014,0,,33014,,,,,,,,0,3,30
2023.01.16.00,5801238,2139,0,,,6193,,,,2023.01.16.00,29821035,14144,0,,32984,,,,,,,,0,4,35
2023.01.15.00,5799099,5749,0,,,6189,,,,2023.01.15.00,29806891,32570,0,,32949,,,,,,,,0,6,37
2023.01.14.00,5793350,6649,0,,,6183,,,,2023.01.14.00,29774321,36699,0,,32912,,,,,,,,0,7,45
2023.01.13.00,5786743,7203,0,,,6176,,,,2023.01.13.00,29737769,39726,0,,32867,,,,,,,,0,6,51
2023.01.12.00,5779540,7948,0,,,6170,,,,2023.01.12.00,29698043,43953,0,,32821,,,,,,,,0,11,76
2023.01.11.00,5771592,9534,0,,,6159,,,,2023.01.11.00,29654090,54343,0,,32745,,,,,,,,0,17,76
2023.01.10.00,5762058,12140,0,,,6142,,,,2023.01.10.00,29599747,60041,0,,32669,,,,,,,,0,11,44
2023.01.09.00,5749918,2850,0,,,6131,,,,2023.01.09.00,29539706,19106,0,,32625,,,,,,,,0,4,35
2023.01.08.00,5747068,7824,0,,,6127,,,,2023.01.08.00,29520600,46766,0,,32590,,,,,,,,0,5,34
2023.01.07.00,5739244,9925,0,,,6122,,,,2023.01.07.00,29473834,53807,0,,32556,,,,,,,,0,10,60
2023.01.06.00,5729347,10411,0,,,6112,,,,2023.01.06.00,29420226,56954,0,,32496,,,,,,,,0,9,75
2023.01.05.00,5718936,11510,0,,,6103,,,,2023.01.05.00,29363272,64106,0,,32421,,,,,,,,0,9,66
2023.01.04.00,5707426,13915,0,,,6094,,,,2023.01.04.00,29299166,78575,0,,32355,,,,,,,,0,14,54
2023.01.03.00,5693511,16966,0,,,6080,,,,2023.01.03.00,29220591,81056,0,,32301,,,,,,,,0,5,29
2023.01.02.00,5676545,3304,0,,,6075,,,,2023.01.02.00,29139535,22735,0,,32272,,,,,,,,0,10,53
2023.01.01.00,5673241,9990,0,,,6065,,,,2023.01.01.00,29116800,57527,0,,32219,,,,,,,,0,3,63
2022.12.31.00,5663251,11601,0,,,6062,,,,2022.12.31.00,29059273,63104,0,,32156,,,,,,,,0,5,61
2022.12.30.00,5651699,11668,0,,,6057,,,,2022.12.30.00,28996347,65207,0,,32095,,,,,,,,0,8,68
2022.12.29.00,5640031,13396,0,,,6049,,,,2022.12.29.00,28931140,71427,0,,32027,,,,,,,,0,13,76
2022.12.28.00,5626635,15783,0,,,6036,,,,2022.12.28.00,28859713,87517,0,,31951,,,,,,,,0,10,69
2022.12.27.00,5610852,18725,0,,,6026,,,,2022.12.27.00,28772196,87596,0,,31882,,,,,,,,0,3,50
2022.12.26.00,5592127,3585,0,,,6023,,,,2022.12.26.00,28684600,25478,0,,31832,,,,,,,,0,8,42
2022.12.25.00,5588542,10508,0,,,6015,,,,2022.12.25.00,28659055,58448,0,,31790,,,,,,,,0,5,46
2022.12.24.00,5578034,12083,0,,,6010,,,,2022.12.24.00,28600607,66211,0,,31744,,,,,,,,0,11,70
2022.12.23.00,5566002,12414,0,,,5999,,,,2022.12.23.00,28534558,68168,0,,31674,,,,,,,,0,8,63
2022.12.22.00,5553588,13946,0,,,5991,,,,2022.12.22.00,28466390,75744,0,,31611,,,,,,,,0,10,62
2022.12.21.00,5539642,15564,0,,,5981,,,,2022.12.21.00,28390646,88172,0,,31549,,,,,,,,0,10,59
2022.12.20.00,5524078,18223,0,,,5971,,,,2022.12.20.00,28302474,87559,0,,31490,,,,,,,,0,12,56
2022.12.19.00,5505855,4191,0,,,5959,,,,2022.12.19.00,28214915,26622,0,,31434,,,,,,,,0,9,39
2022.12.18.00,5501664,10649,0,,,5950,,,,2022.12.18.00,28188293,58862,0,,31395,,,,,,,,0,9,42
2022.12.17.00,5491015,12404,0,,,5941,,,,2022.12.17.00,28129431,66930,0,,31353,,,,,,,,0,9,55
2022.12.16.00,5478664,12402,0,,,5932,,,,2022.12.16.00,28062679,66953,0,,31298,,,,,,,,0,8,66
2022.12.15.00,5466262,12830,0,,,5924,,,,2022.12.15.00,27995726,70154,0,,31232,,,,,,,,0,9,58
2022.12.14.00,5453432,15180,0,,,5915,,,,2022.12.14.00,27925572,84571,0,,31174,,,,,,,,0,7,46
2022.12.13.00,5438252,17696,0,,,5908,,,,2022.12.13.00,27841001,86852,0,,31128,,,,,,,,0,3,29
2022.12.12.00,5420556,3910,0,,,5905,,,,2022.12.12.00,27754149,25667,0,,31099,,,,,,,,0,3,30
2022.12.11.00,5416646,9603,0,,,5902,,,,2022.12.11.00,27728482,54319,0,,31069,,,,,,,,0,3,40
2022.12.10.00,5407043,11690,0,,,5899,,,,2022.12.10.00,27674163,62738,0,,31029,,,,,,,,0,8,54
2022.12.09.00,5395385,11853,0,,,5891,,,,2022.12.09.00,27611555,62734,0,,30975,,,,,,,,0,10,67
2022.12.08.00,53838532,11977,0,,,5881,,,,2022.12.08.00,27548821,65253,0,,30908,,,,,,,,0,9,61
2022.12.07.00,5371555,13747,0,,,5872,,,,2022.12.07.00,27483568,74714,0,,30847,,,,,,,,0,7,54
2022.12.06.00,5357808,16372,0,,,5865,,,,2022.12.06.00,27408854,77604,0,,30793,,,,,,,,0,7,24
2022.12.05.00,5341436,3921,0,,,5858,,,,2022.12.05.00,27331250,23160,0,,30769,,,,,,,,0,11,40
2022.12.04.00,5337515,8526,0,,,5847,,,,2022.12.04.00,27308090,46564,0,,30729,,,,,,,,0,7,60
2022.12.03.00,5328989,10369,0,,,5840,,,,2022.12.03.00,27261526,52861,0,,30669,,,,,,,,0,11,48
2022.12.02.00,5318646,10487,0,,,5829,,,,2022.12.02.00,27208800,52987,0,,30621,,,,,,,,0,5,53
2022.12.01.00,5308159,11034,0,,,5824,,,,2022.12.01.00,27155813,57079,0,,30568,,,,,,,,0,17,62
2022.11.30.00,5297125,12290,0,,,5807,,,,2022.11.30.00,27098734,67415,0,,30506,,,,,,,,0,11,52
2022.11.29.00,5284835,15501,0,,,5796,,,,2022.11.29.00,27031319,71476,0,,30454,,,,,,,,0,4,41
2022.11.28.00,5269334,3794,0,,,5792,,,,2022.11.28.00,26959843,22327,0,,30413,,,,,,,,0,13,44
2022.11.27.00,5265540,9160,0,,,5779,,,,2022.11.27.00,26937516,47028,0,,30369,,,,,,,,0,9,39
2022.11.26.00,5256380,10161,0,,,5770,,,,2022.11.26.00,26890488,52788,0,,30330,,,,,,,,0,5,52
2022.11.25.00,5246245,10684,0,,,5765,,,,2022.11.25.00,26837840,53698,0,,30278,,,,,,,,0,9,55
2022.11.24.00,5235561,11456,0,,,5756,,,,2022.11.24.00,26784142,59089,0,,30223,,,,,,,,0,14,59
2022.11.23.00,5224105,13499,0,,,5742,,,,2022.11.23.00,26725053,70324,0,,30164,,,,,,,,0,8,53
2022.11.22.00,5210606,15613,0,,,5734,,,,2022.11.22.00,26654729,72873,0,,30111,,,,,,,,0,11,45
2022.11.21.00,5194993,3826,0,,,5723,,,,2022.11.21.00,26581856,23091,0,,30066,,,,,,,,0,3,35
2022.11.20.00,5191167,8804,0,,,5720,,,,2022.11.20.00,26558765,46011,0,,30031,,,,,,,,0,5,41
2022.11.19.00,5182363,10124,0,,,5715,,,,2022.11.19.00,26512754,50589,0,,29990,,,,,,,,0,10,65
2022.11.18.00,5172272,9742,0,,,5705,,,,2022.11.18.00,26462319,49418,0,,29925,,,,,,,,0,12,63
2022.11.17.00,5162530,10846,0,,,5693,,,,2022.11.17.00,26412901,55437,0,,29862,,,,,,,,0,14,67
2022.11.16.00,5151684,12483,0,,,5679,,,,2022.11.16.00,26357464,66587,0,,29795,,,,,,,,0,10,47
2022.11.15.00,5139201,15539,0,,,5669,,,,2022.11.15.00,26290877,72883,0,,29748,,,,,,,,0,4,39
2022.11.14.00,5123662,3649,0,,,5665,,,,2022.11.14.00,26217994,23765,0,,29709,,,,,,,,0,5,44
2022.11.13.00,5120013,9263,0,,,5660,,,,2022.11.13.00,26194229,48465,0,,29665,,,,,,,,0,5,48
2022.11.12.00,5110750,10836,0,,,5655,,,,2022.11.12.00,26145764,54328,0,,29617,,,,,,,,0,12,46
2022.11.11.00,5099934,10903,0,,,5643,,,,2022.11.11.00,26091539,54519,0,,29571,,,,,,,,0,0,40
2022.11.10.00,5089031,11073,0,,,5643,,,,2022.11.10.00,26037020,55365,0,,29531,,,,,,,,0,6,52
2022.11.09.00,5077958,12481,0,,,5637,,,,2022.11.09.00,25981655,62472,0,,29479,,,,,,,,0,8,59
2022.11.08.00,5065477,14158,0,,,5629,,,,2022.11.08.00,25919183,62273,0,,29420,,,,,,,,0,3,30
2022.11.07.00,5051319,3320,0,,,5626,,,,2022.11.07.00,25856910,18671,0,,29390,,,,,,,,0,0,18
2022.11.06.00,5047999,7163,0,,,5626,,,,2022.11.06.00,25838239,36675,0,,29372,,,,,,,,0,3,18
2022.11.05.00,5040836,8104,0,,,5624,,,,2022.11.05.00,25801564,40903,0,,29354,,,,,,,,0,2,41
2022.11.04.00,5032737,8677,0,,,5622,,,,2022.11.04.00,25760701,43449,0,,29315,,,,,,,,0,5,35
2022.11.03.00,5024068,9547,0,,,5617,,,,2022.11.03.00,25717277,46896,0,,29280,,,,,,,,0,5,41
2022.11.02.00,5014526,10940,0,,,5612,,,,2022.11.02.00,25670407,54766,0,,29239,,,,,,,,0,4,30
2022.11.01.00,5003593,13017,0,,,5608,,,,2022.11.01.00,25615667,58379,0,,29209,,,,,,,,0,5,33
2022.10.31.00,4990582,3099,0,,,5603,,,,2022.10.31.00,25557309,18510,0,,29176,,,,,,,,0,5,18
2022.10.30.00,4987483,6708,0,,,5598,,,,2022.10.30.00,25538799,34511,0,,29158,,,,,,,,0,1,27
2022.10.29.00,4980775,7578,0,,,5597,,,,2022.10.29.00,25504288,37321,0,,29131,,,,,,,,0,3,31
2022.10.28.00,4973197,7480,0,,,5594,,,,2022.10.28.00,25466992,35924,0,,29100,,,,,,,,0,4,31
2022.10.27.00,4965729,6848,0,,,5590,,,,2022.10.27.00,25431105,34987,0,,29069,,,,,,,,0,3,26
2022.10.26.00,4958897,7906,0,,,5587,,,,2022.10.26.00,25396155,40842,0,,29043,,,,,,,,0,5,26
2022.10.25.00,4951008,10066,0,,,5582,,,,2022.10.25.00,25355350,43759,0,,29017,,,,,,,,0,5,17
2022.10.24.00,4940956,2438,0,,,5577,,,,2022.10.24.00,25311636,14302,0,,29000,,,,,,,,0,1,10
2022.10.23.00,4938518,5176,0,,,5576,,,,2022.10.23.00,25297334,26256,0,,28990,,,,,,,,0,1,16
2022.10.22.00,4933342,6016,0,,,5575,,,,2022.10.22.00,25271078,26906,0,,28974,,,,,,,,0,3,22
2022.10.21.00,4927337,5061,0,,,5572,,,,2022.10.21.00,25244255,24751,0,,28952,,,,,,,,0,3,30
2022.10.20.00,4922285,5416,0,,,5569,,,,2022.10.20.00,25219546,25431,0,,28922,,,,,,,,0,2,23
2022.10.19.00,4916878,5897,0,,,5567,,,,2022.10.19.00,25194177,29503,0,,28899,,,,,,,,0,6,43
2022.10.18.00,4910983,7531,0,,,5561,,,,2022.10.18.00,25164695,33248,0,,28856,,,,,,,,0,1,6
2022.10.17.00,4903463,1921,0,,,5560,,,,2022.10.17.00,25131505,11040,0,,28851,,,,,,,,0,2,11
2022.10.16.00,4901542,4191,0,,,5558,,,,2022.10.16.00,25120.465,21469,0,,28840,,,,,,,,0,4,32
2022.10.15.00,4897351,4579,0,,,5554,,,,2022.10.15.00,25098996,22844,0,,28808,,,,,,,,0,5,25
2022.10.14.00,4892777,4834,0,,,5549,,,,2022.10.14.00,25076239,23583,0,,28783,,,,,,,,0,9,35
2022.10.13.00,4887950,5254,0,,,5540,,,,2022.10.13.00,25052677,26957,0,,28748,,,,,,,,0,0,25
2022.10.12.00,4882697,6802,0,,,5540,,,,2022.10.12.00,25025749,30535,0,,28723,,,,,,,,0,4,15
2022.10.11.00,4875900,3054,0,,,5536,,,,2022.10.11.00,24995246,15476,0,,28708,,,,,,,,0,1,10
2022.10.10.00,4872846,1494,0,,,5535,,,,2022.10.10.00,24979770,8981,0,,28698,,,,,,,,0,4,23
2022.10.09.00,4871352,3552,0,,,5531,,,,2022.10.09.00,24970789,17654,0,,28675,,,,,,,,0,5,29
2022.10.08.00,4867800,3963,0,,,5526,,,,2022.10.08.00,24953135,19431,0,,28646,,,,,,,,0,6,32
2022.10.07.00,4863862,4319,0,,,5520,,,,2022.10.07.00,24933756,22298,0,,28614,,,,,,,,0,6,41
2022.10.06.00,4859554,5520,0,,,5514,,,,2022.10.06.00,24911497,28648,0,,28573,,,,,,,,0,10,29
2022.10.05.00,4854042,7674,0,,,5504,,,,2022.10.05.00,24882894,34739,0,,28544,,,,,,,,0,2,16
2022.10.04.00,4846376,3086,0,,,5502,,,,2022.10.04.00,24848184,16423,0,,28528,,,,,,,,0,2,19
2022.10.03.00,4843290,2025,0,,,5500,,,,2022.10.03.00,24831761,12150,0,,28509,,,,,,,,0,0,20
2022.10.02.00,4841265,4797,0,,,5500,,,,2022.10.02.00,24819611,23597,0,,28489,,,,,,,,0,9,44
2022.10.01.00,4836468,5584,0,,,5491,,,,2022.10.01.00,24796014,26960,0,,28445,,,,,,,,0,5,39
2022.09.30.00,4830891,5794,0,,,5486,,,,2022.09.30.00,24769101,28497,0,,28406,,,,,,,,0,5,42
2022.09.29.00,4825107,6270,0,,,5481,,,,2022.09.29.00,24740635,30881,0,,28364,,,,,,,,0,6,46
2022.09.28.00,4818845,7122,0,,,5475,,,,2022.09.28.00,24709789,36159,0,,28318,,,,,,,,0,8,46
2022.09.27.00,4811733,8557,0,,,5467,,,,2022.09.27.00,24673663,39425,0,,28272,,,,,,,,0,3,26
2022.09.26.00,4803181,2335,0,,,5464,,,,2022.09.26.00,24634296,14168,0,,28246,,,,,,,,0,4,33
2022.09.25.00,4800846,4888,0,,,5460,,,,2022.09.25.00,24620128,25792,0,,28213,,,,,,,,0,11,73
2022.09.24.00,4795958,5651,0,,,5449,,,,2022.09.24.00,24594336,29353,0,,28140,,,,,,,,0,11,63
2022.09.23.00,4790319,5625,0,,,5438,,,,2022.09.23.00,24565021,29108,0,,28077,,,,,,,,0,8,68
2022.09.22.00,4784699,6154,0,,,5430,,,,2022.09.22.00,24535940,33009,0,,28009,,,,,,,,0,13,59
2022.09.21.00,4778549,7358,0,,,5417,,,,2022.09.21.00,24502968,41286,0,,27950,,,,,,,,0,13,59
2022.09.20.00,4771203,9735,0,,,5404,,,,2022.09.20.00,24461737,47917,0,,27891,,,,,,,,0,4,24
2022.09.19.00,4761487,3199,0,,,5400,,,,2022.09.19.00,24413873,19407,0,,27867,,,,,,,,0,6,39
2022.09.18.00,4758288,5970,0,,,5394,,,,2022.09.18.00,24394466,34764,0,,27828,,,,,,,,0,6,46
2022.09.17.00,4752318,7659,0,,,5388,,,,2022.09.17.00,24359702,43457,0,,27782,,,,,,,,0,7,57
2022.09.16.00,4744665,9225,0,,,5381,,,,2022.09.16.00,24316302,51874,0,,27725,,,,,,,,0,6,60
2022.09.15.00,4735448,11819,0,,,5375,,,,2022.09.15.00,24264470,71471,0,,27665,,,,,,,,0,7,72
2022.09.14.00,4723634,17384,0,,,5368,,,,2022.09.14.00,24193038,93981,0,,27593,,,,,,,,0,10,60
2022.09.13.00,4706258,9552,0,,,5358,,,,2022.09.13.00,24099134,57309,0,,27533,,,,,,,,0,4,35
2022.09.12.00,4696706,6289,0,,,5354,,,,2022.09.12.00,24041825,36938,0,,27498,,,,,,,,0,2,22
2022.09.11.00,4690417,4807,0,,,5352,,,,2022.09.11.00,24004887,28214,0,,27476,,,,,,,,0,13,47
2022.09.10.00,4685610,6081,0,,,5339,,,,2022.09.10.00,23976673,42724,0,,27429,,,,,,,,0,7,48
2022.09.09.00,4679529,12315,0,,,5332,,,,2022.09.09.00,23933949,69410,0,,27381,,,,,,,,0,13,68
2022.09.08.00,4667217,13066,0,,,5319,,,,2022.09.08.00,23864560,72646,0,,27313,,,,,,,,0,6,64
2022.09.07.00,4654166,14538,0,,,5313,,,,2022.09.07.00,23791961,85540,0,,27249,,,,,,,,0,13,56
2022.09.06.00,4639649,18779,0,,,5300,,,,2022.09.06.00,23706477,99837,0,,27193,,,,,,,,0,4,44
2022.09.05.00,4620905,5319,0,,,5296,,,,2022.09.05.00,23606740,37548,0,,27149,,,,,,,,0,6,56
2022.09.04.00,4615586,11939,0,,,5290,,,,2022.09.04.00,23569192,72144,0,,27093,,,,,,,,0,13,79
2022.09.03.00,4603647,13899,0,,,5277,,,,2022.09.03.00,23497048,79746,0,,27014,,,,,,,,0,14,74
2022.09.02.00,4589795,15564,0,,,5263,,,,2022.09.02.00,23417425,89586,0,,26940,,,,,,,,0,12,64
2022.09.01.00,4574258,13325,0,,,5251,,,,2022.09.01.00,23327897,81573,0,,26876,,,,,,,,0,23,112
2022.08.31.00,4560954,15911,0,,,5228,,,,2022.08.31.00,23246398,103961,0,,26764,,,,,,,,0,10,75
2022.08.30.00,4545050,20418,0,,,5218,,,,2022.08.30.00,23142479,115638,0,,26689,,,,,,,,0,6,71
2022.08.29.00,4524644,5756,0,,,5212,,,,2022.08.29.00,23026960,43142,0,,26618,,,,,,,,0,10,49
2022.08.28.00,4518888,13052,0,,,5202,,,,2022.08.28.00,22983818,85295,0,,26569,,,,,,,,0,11,70
2022.08.27.00,4505836,14599,0,,,5191,,,,2022.08.27.00,22898523,95604,0,,26499,,,,,,,,0,12,86
2022.08.26.00,4491244,15757,0,,,5179,,,,2022.08.26.00,22802985,101140,0,,26413,,,,,,,,0,14,81
2022.08.25.00,4475520,17722,0,,,5165,,,,2022.08.25.00,22701921,113371,0,,26332,,,,,,,,0,10,108
2022.08.24.00,4457827,20578,0,,,5155,,,,2022.08.24.00,22588640,139339,0,,26224,,,,,,,,0,4,63
2022.08.23.00,4437282,25679,0,,,5151,,,,2022.08.23.00,22449475,150258,0,,26161,,,,,,,,0,11,52
2022.08.22.00,4411616,7395,0,,,5140,,,,2022.08.22.00,22299377,59046,0,,26109,,,,,,,,0,6,65
2022.08.21.00,4404221,16743,0,,,5134,,,,2022.08.21.00,22240331,110944,0,,26044,,,,,,,,0,5,64
2022.08.20.00,4387478,19973,0,,,5129,,,,2022.08.20.00,22129387,129411,0,,25980,,,,,,,,0,14,84
2022.08.19.00,4367518,21033,0,,,5115,,,,2022.08.19.00,22000037,138812,0,,25896,,,,,,,,0,14,83
2022.08.18.00,4346524,28375,0,,,5101,,,,2022.08.18.00,21861296,178574,0,,25813,,,,,,,,0,6,61
2022.08.17.00,4318180,32523,0,,,5095,,,,2022.08.17.00,21682816,180803,0,,25752,,,,,,,,0,7,42
2022.08.16.00,4285729,13060,0,,,5088,,,,2022.08.16.00,21502164,84128,0,,25710,,,,,,,,0,6,37
2022.08.15.00,4272669,8246,0,,,5082,,,,2022.08.15.00,21418036,62078,0,,25673,,,,,,,,0,5,50
2022.08.14.00,4264423,19596,0,,,5077,,,,2022.08.14.00,21355958,119603,0,,25623,,,,,,,,0,10,57
2022.08.13.00,4244827,21859,0,,,5067,,,,2022.08.13.00,21236355,124592,0,,25566,,,,,,,,0,9,67
2022.08.12.00,4222976,22835,0,,,5058,,,,2022.08.12.00,21111840,128714,0,,25499,,,,,,,,0,17,58
2022.08.11.00,4200150,24516,0,,,5041,,,,2022.08.11.00,20983169,137241,0,,25441,,,,,,,,0,11,59
2022.08.10.00,4175643,26068,0,,,5030,,,,2022.08.10.00,20845973,151792,0,,25382,,,,,,,,0,10,50
2022.08.09.00,4149586,29489,0,,,5020,,,,2022.08.09.00,20694239,149897,0,,25332,,,,,,,,0,8,40
2022.08.08.00,4120126,7867,0,,,5012,,,,2022.08.08.00,20544420,55292,0,,25292,,,,,,,,0,7,29
2022.08.07.00,4112259,18366,0,,,5005,,,,2022.08.07.00,20489128,105507,0,,25263,,,,,,,,0,2,27
2022.08.06.00,4093893,20160,0,,,5003,,,,2022.08.06.00,20383621,110666,0,,25236,,,,,,,,0,9,45
2022.08.05.00,4073752,20817,0,,,4994,,,,2022.08.05.00,20273011,112901,0,,25191,,,,,,,,0,9,47
2022.08.04.00,4052939,20239,0,,,4985,,,,2022.08.04.00,20160154,107894,0,,25144,,,,,,,,0,6,34
2022.08.03.00,4032709,23023,0,,,4979,,,,2022.08.03.00,20052305,119922,0,,25110,,,,,,,,0,5,26
2022.08.02.00,4009707,24615,0,,,4974,,,,2022.08.02.00,19932439,111789,0,,25084,,,,,,,,0,4,16
2022.08.01.00,3985115,7340,0,,,4970,,,,2022.08.01.00,19820739,44689,0,,25086,,,,,,,,0,1,21
2022.07.31.00,3977775,14149,0,,,4969,,,,2022.07.31.00,19776050,73589,0,,25047,,,,,,,,0,5,20
2022.07.30.00,3963626,16588,0,,,4964,,,,2022.07.30.00,19702461,82002,0,,25027,,,,,,,,0,6,35
2022.07.29.00,3947049,17517,0,,,4958,,,,2022.07.29.00,19620517,85320,0,,24992,,,,,,,,0,4,35
2022.07.28.00,3929537,18169,0,,,4954,,,,2022.07.28.00,19535242,88384,0,,24957,,,,,,,,0,5,25
2022.07.27.00,3911407,20083,0,,,4949,,,,2022.07.27.00,19446946,100285,0,,24932,,,,,,,,0,5,25
2022.07.26.00,3891336,23107,0,,,4944,,,,2022.07.26.00,19346764,99327,0,,24907,,,,,,,,0,1,17
2022.07.25.00,3868256,5967,0,,,4943,,,,2022.07.25.00,19247496,35883,0,,24890,,,,,,,,0,5,17
2022.07.24.00,3862289,13809,0,,,4938,,,,2022.07.24.00,19211613,65433,0,,24873,,,,,,,,0,3,18
2022.07.23.00,3848480,14830,0,,,4935,,,,2022.07.23.00,19146180,68551,0,,24855,,,,,,,,0,4,30
2022.07.22.00,3833658,15379,0,,,4931,,,,2022.07.22.00,19077659,68632,0,,24825,,,,,,,,0,4,31
2022.07.21.00,3818284,16670,0,,,4927,,,,2022.07.21.00,19009080,71170,0,,24794,,,,,,,,0,4,17
2022.07.20.00,3801622,17199,0,,,4923,,,,2022.07.20.00,18937971,76402,0,,24777,,,,,,,,0,2,12
2022.07.19.00,3784432,18038,0,,,4921,,,,2022.07.19.00,18861593,73582,0,,24765,,,,,,,,0,0,12
2022.07.18.00,3766412,4896,0,,,4921,,,,2022.07.18.00,18788056,26299,0,,24753,,,,,,,,0,3,11
2022.07.17.00,3761516,8565,0,,,4918,,,,2022.07.17.00,18761757,40342,0,,24742,,,,,,,,0,2,14
2022.07.16.00,3752951,9457,0,,,4916,,,,2022.07.16.00,18721415,41310,0,,24728,,,,,,,,0,2,16
2022.07.15.00,3743496,8951,0,,,4914,,,,2022.07.15.00,18680142,38882,0,,24712,,,,,,,,0,2,16
2022.07.14.00,3734550,9655,0,,,4912,,,,2022.07.14.00,18641278,39196,0,,24696,,,,,,,,0,3,16
2022.07.13.00,3724897,9363,0,,,4909,,,,2022.07.13.00,18602109,40266,0,,24680,,,,,,,,0,2,12
2022.07.12.00,3715539,9412,0,,,4907,,,,2022.07.12.00,18561861,37360,0,,24668,,,,,,,,0,0,7
2022.07.11.00,3706133,2622,0,,,4907,,,,2022.07.11.00,18524538,12693,0,,24661,,,,,,,,0,2,18
2022.07.10.00,3703511,5244,0,,,4905,,,,2022.07.10.00,18511845,20410,0,,24643,,,,,,,,0,0,19
2022.07.09.00,3698267,4900,0,,,4905,,,,2022.07.09.00,18491435,20286,0,,24624,,,,,,,,0,2,19
2022.07.08.00,3693368,4605,0,,,4903,,,,2022.07.08.00,18471172,19323,0,,24605,,,,,,,,0,2,12
2022.07.07.00,3688769,4580,0,,,4901,,,,2022.07.07.00,18451862,18511,0,,24593,,,,,,,,0,1,10
2022.07.06.00,3684190,4770,0,,,4900,,,,2022.07.06.00,18433359,19371,0,,24583,,,,,,,,0,2,7
2022.07.05.00,3679421,4779,0,,,4898,,,,2022.07.05.00,18413997,18147,0,,24576,,,,,,,,0,1,2
2022.07.04.00,3674645,1161,0,,,4897,,,,2022.07.04.00,18395864,6253,0,,24574,,,,,,,,0,1,4
2022.07.03.00,3673484,2440,0,,,4896,,,,2022.07.03.00,18389611,10059,0,,24570,,,,,,,,0,2,8
2022.07.02.00,3671044,2778,0,,,4894,,,,2022.07.02.00,18379552,10715,0,,24562,,,,,,,,0,3,7
2022.07.01.00,3668271,2340,0,,,4891,,,,2022.07.01.00,18368857,9528,0,,24555,,,,,,,,0,2,8
2022.06.30.00,3665933,2282,0,,,4889,,,,2022.06.30.00,18359341,9595,0,,24547,,,,,,,,0,1,10
2022.06.29.00,3663653,2479,0,,,4888,,,,2022.06.29.00,18349756,10463,0,,24537,,,,,,,,0,2,7
2022.06.28.00,3661177,2472,0,,,4886,,,,2022.06.28.00,18339319,9896,0,,24530,,,,,,,,0,0,5
2022.06.27.00,3658710,600,0,,,4886,,,,2022.06.27.00,18329448,3429,0,,24525,,,,,,,,0,0,3
2022.06.26.00,3658110,1310,0,,,4886,,,,2022.06.26.00,18326019,6246,0,,24522,,,,,,,,0,1,6
2022.06.25.00,3656800,1552,0,,,4885,,,,2022.06.25.00,18319773,6790,0,,24516,,,,,,,,0,3,18
2022.06.24.00,3655248,1605,0,,,4882,,,,2022.06.24.00,18312993,7227,0,,24498,,,,,,,,0,1,10
2022.06.23.00,3653647,1580,0,,,4881,,,,2022.06.23.00,18305783,7497,0,,24488,,,,,,,,0,3,14
2022.06.22.00,3652068,1778,0,,,4878,,,,2022.06.22.00,18298341,8992,0,,24474,,,,,,,,0,3,11
2022.06.21.00,3650291,2043,0,,,4875,,,,2022.06.21.00,18289373,9310,0,,24463,,,,,,,,0,7,12
2022.06.20.00,3648259,719,0,,,4868,,,,2022.06.20.00,18280090,3538,0,,24451,,,,,,,,0,3,10
2022.06.19.00,3647540,1108,0,,,4865,,,,2022.06.19.00,18276552,6071,0,,24441,,,,,,,,0,1,14
2022.06.18.00,3646432,1245,0,,,4864,,,,2022.06.18.00,18270481,6842,0,,24427,,,,,,,,0,1,11
2022.06.17.00,3645189,1280,0,,,4863,,,,2022.06.17.00,18263643,7198,0,,24416,,,,,,,,0,1,9
2022.06.16.00,3643911,1549,0,,,4862,,,,2022.06.16.00,18256457,7994,0,,24407,,,,,,,,0,4,8
2022.06.15.00,3642362,1690,0,,,4858,,,,2022.06.15.00,18248479,9435,0,,24399,,,,,,,,0,3,9
2022.06.14.00,3640674,1764,0,,,4855,,,,2022.06.14.00,18239056,9778,0,,24390,,,,,,,,0,0,2
2022.06.13.00,3638911,663,0,,,4855,,,,2022.06.13.00,18229288,3828,0,,24388,,,,,,,,0,2,17
2022.06.12.00,3638248,1160,0,,,4853,,,,2022.06.12.00,18225460,7382,0,,24371,,,,,,,,0,1,20
2022.06.11.00,3637088,1382,0,,,4852,,,,2022.06.11.00,18218078,8378,0,,24351,,,,,,,,0,3,10
2022.06.10.00,3635708,1537,0,,,4849,,,,2022.06.10.00,18209650,9315,0,,24341,,,,,,,,0,2,18
2022.06.09.00,3634172,2009,0,,,4847,,,,2022.06.09.00,18200346,12161,0,,24323,,,,,,,,0,2,18
2022.06.08.00,3632164,2628,0,,,4845,,,,2022.06.08.00,18188200,13358,0,,24305,,,,,,,,0,0,6
2022.06.07.00,3629545,952,0,,,4845,,,,2022.06.07.00,18174880,6172,0,,24299,,,,,,,,0,5,20
2022.06.06.00,3628593,738,0,,,4840,,,,2022.06.06.00,18168708,5022,0,,24279,,,,,,,,0,2,21
2022.06.05.00,3627855,1719,0,,,4838,,,,2022.06.05.00,18163686,9835,0,,24258,,,,,,,,0,3,20
2022.06.04.00,3626136,2254,0,,,4835,,,,2022.06.04.00,18153851,12048,0,,24238,,,,,,,,0,2,9
2022.06.03.00,3623883,2442,0,,,4833,,,,2022.06.03.00,18141835,12542,0,,24229,,,,,,,,0,3,17
2022.06.02.00,3621445,1823,0,,,4830,,,,2022.06.02.00,18129313,9898,0,,24212,,,,,,,,0,1,15
2022.06.01.00,3619622,2926,0,,,4829,,,,2022.06.01.00,18119415,15797,0,,24197,,,,,,,,0,4,21
2022.05.31.00,3616699,3340,0,,,4825,,,,2022.05.31.00,18103638,17191,0,,24176,,,,,,,,0,1,9
2022.05.30.00,3613359,1120,0,,,4824,,,,2022.05.30.00,18086462,6139,0,,24167,,,,,,,,0,4,9
2022.05.29.00,3612239,2018,0,,,4820,,,,2022.05.29.00,18080323,12654,0,,24518,,,,,,,,0,2,19
2022.05.28.00,3610221,2278,0,,,4818,,,,2022.05.28.00,18067669,14398,0,,24139,,,,,,,,0,2,36
2022.05.27.00,3607946,3032,0,,,4816,,,,2022.05.27.00,18053287,16584,0,,24103,,,,,,,,0,7,40
2022.05.26.00,3604920,2788,0,,,4809,,,,2022.05.26.00,18036720,18816,0,,24063,,,,,,,,0,3,34
2022.05.25.00,3602133,3586,0,,,4806,,,,2022.05.25.00,18017923,23956,0,,24029,,,,,,,,0,4,23
2022.05.24.00,3598555,4272,0,,,4802,,,,2022.05.24.00,17993985,26344,0,,24006,,,,,,,,0,1,19
2022.05.23.00,3594289,1213,0,,,4801,,,,2022.05.23.00,17967672,9975,0,,23987,,,,,,,,0,4,22
2022.05.22.00,3593076,2903,0,,,4797,,,,2022.05.22.00,17957697,12928,0,,23965,,,,,,,,0,9,54
2022.05.21.00,3590173,3589,0,,,4788,,,,2022.05.21.00,17938399,23462,0,,23911,,,,,,,,0,3,26
2022.05.20.00,3586586,4110,0,,,4785,,,,2022.05.20.00,17914957,25125,0,,23885,,,,,,,,0,8,43
2022.05.19.00,3582481,4557,0,,,4777,,,,2022.05.19.00,17889849,28130,0,,23842,,,,,,,,0,7,40
2022.05.18.00,3577930,5043,0,,,4770,,,,2022.05.18.00,17861744,31352,0,,23802,,,,,,,,0,5,31
2022.05.17.00,3572888,5889,0,,,4765,,,,2022.05.17.00,17830429,35117,0,,23771,,,,,,,,0,3,27
2022.05.16.00,3567016,1684,0,,,4762,,,,2022.05.16.00,17795357,13296,0,,23744,,,,,,,,0,5,35
2022.05.15.00,3565332,4025,0,,,4757,,,,2022.05.15.00,17782061,25434,0,,23709,,,,,,,,0,12,48
2022.05.14.00,3561307,4764,0,,,4745,,,,2022.05.14.00,17756627,29581,0,,23661,,,,,,,,0,17,55
2022.05.13.00,3556545,5178,0,,,4728,,,,2022.05.13.00,17727086,32451,0,,23606,,,,,,,,0,14,52
2022.05.12.00,3551375,5695,0,,,4714,,,,2022.05.12.00,17694677,35906,0,,23554,,,,,,,,0,6,63
2022.05.11.00,3545685,6208,0,,,4708,,,,2022.05.11.00,17658794,43925,0,,23491,,,,,,,,0,4,29
2022.05.10.00,3539483,8142,0,,,4704,,,,2022.05.10.00,17614895,49933,0,,23462,,,,,,,,0,13,62
2022.05.09.00,3531351,2715,0,,,4691,,,,2022.05.09.00,17564999,20601,0,,23400,,,,,,,,0,2,40
2022.05.08.00,3528636,5979,0,,,4689,,,,2022.05.08.00,17544398,40064,0,,23360,,,,,,,,0,13,71
2022.05.07.00,3522657,6641,0,,,4676,,,,2022.05.07.00,17504334,39600,0,,23289,,,,,,,,0,26,83
2022.05.06.00,3516017,3596,0,,,4650,,,,2022.05.06.00,17464782,26714,0,,23206,,,,,,,,0,7,48
2022.05.05.00,3512421,6645,0,,,4643,,,,2022.05.05.00,17438068,42296,0,,23158,,,,,,,,0,17,79
2022.05.04.00,3505780,7436,0,,,4626,,,,2022.05.04.00,17395791,49064,0,,23079,,,,,,,,0,12,72
2022.05.03.00,3498346,8709,0,,,4614,,,,2022.05.03.00,17346753,51131,0,,23007,,,,,,,,0,3,49
2022.05.02.00,3489696,2653,0,,,4611,,,,2022.05.02.00,17295733,20084,0,,22958,,,,,,,,0,9,83
2022.05.01.00,3487043,5462,0,,,4602,,,,2022.05.01.00,17275649,37771,0,,22875,,,,,,,,0,16,81
2022.04.30.00,3481581,6455,0,,,4586,,,,2022.04.30.00,17237878,43286,0,,22794,,,,,,,,0,12,70
2022.04.29.00,3475126,7726,0,,,4574,,,,2022.04.29.00,17194616,50568,0,,22724,,,,,,,,0,21,136
2022.04.28.00,3467402,9109,0,,,4553,,,,2022.04.28.00,17144065,57464,0,,22588,,,,,,,,0,19,122
2022.04.27.00,3458306,11517,0,,,4534,,,,2022.04.27.00,17086626,76787,0,,22466,,,,,,,,0,14,141
2022.04.26.00,3446789,13560,0,,,4520,,,,2022.04.26.00,17009856,80361,0,,22325,,,,,,,,0,16,82
2022.04.25.00,3433238,4763,0,,,4504,,,,2022.04.25.00,16929564,34370,0,,22243,,,,,,,,0,16,110
2022.04.24.00,3428475,10377,0,,,4488,,,,2022.04.24.00,16895194,64725,0,,22133,,,,,,,,0,18,109
2022.04.23.00,3418098,12352,0,,,4470,,,,2022.04.23.00,16830469,75449,0,,22024,,,,,,,,0,16,151
2022.04.22.00,3405751,13191,0,,,4454,,,,2022.04.22.00,16755055,81058,0,,21873,,,,,,,,0,32,206
2022.04.21.00,3392583,15192,0,,,4422,,,,2022.04.21.00,16674045,90867,0,,21667,,,,,,,,0,24,147
2022.04.20.00,3377399,18322,0,,,4398,,,,2022.04.20.00,16583220,111319,0,,21520,,,,,,,,0,26,166
2022.04.19.00,3359097,21819,0,,,4372,,,,2022.04.19.00,16471940,118504,0,,21354,,,,,,,,0,19,130
2022.04.18.00,3337282,7345,0,,,4353,,,,2022.04.18.00,16353495,47743,0,,21224,,,,,,,,0,20,132
2022.04.17.00,3329937,14805,0,,,4329,,,,2022.04.17.00,16305752,93001,0,,21092,,,,,,,,0,22,203
2022.04.16.00,3315132,18118,0,,,4307,,,,2022.04.16.00,16212751,107916,0,,20889,,,,,,,,0,37,273
2022.04.15.00,3297020,21450,0,,,4270,,,,2022.04.15.00,16104869,125846,0,,20616,,,,,,,,0,40,264
2022.04.14.00,3275574,24976,0,,,4230,,,,2022.04.14.00,15979061,148443,0,,20352,,,,,,,,0,54,318
2022.04.13.00,3250603,33076,0,,,4176,,,,2022.04.13.00,15830644,195419,0,,20034,,,,,,,,0,24,184
2022.04.12.00,3217532,39518,0,,,4152,,,,2022.04.12.00,15635274,210755,0,,19850,,,,,,,,0,36,171
2022.04.11.00,3178037,14247,0,,,4116,,,,2022.04.11.00,15424598,90928,0,,19676,,,,,,,,0,46,258
2022.04.10.00,3163790,28901,0,,,4070,,,,2022.04.10.00,15333670,164481,0,,19421,,,,,,,,0,68,329
2022.04.09.00,3134889,32320,0,,,4002,,,,2022.04.09.00,15169189,185566,0,,19092,,,,,,,,0,58,338
2022.04.08.00,3102577,36212,0,,,3944,,,,2022.04.08.00,14983694,205333,0,,18754,,,,,,,,0,64,373
2022.04.07.00,3066376,39888,0,,,3880,,,,2022.04.07.00,14778405,224820,0,,18381,,,,,,,,0,45,348
2022.04.06.00,3026503,52430,0,,,3835,,,,2022.04.06.00,14553644,286294,0,,18033,,,,,,,,0,64,371
2022.04.05.00,2974084,51500,0,,,3771,,,,2022.04.05.00,14267401,266135,0,,17662,,,,,,,,0,29,209
2022.04.04.00,2922636,20894,0,,,3742,,,,2022.04.04.00,14001406,127190,0,,17453,,,,,,,,0,29,218
2022.04.03.00,2901742,42109,0,,,3713,,,,2022.04.03.00,13874216,234301,0,,17235,,,,,,,,0,47,306
2022.04.02.00,2859633,48673,0,,,3666,,,,2022.04.02.00,13639915,264103,0,,16929,,,,,,,,0,58,339
2022.04.01.00,2810973,51717,0,,,3608,,,,2022.04.01.00,13375818,280273,0,,16590,,,,,,,,0,45,360
2022.03.31.00,2759294,60131,0,,,3563,,,,2022.03.31.00,13095631,320743,0,,16230,,,,,,,,0,49,375
2022.03.30.00,2699163,81824,0,,,3514,,,,2022.03.30.00,12774956,424641,0,,15855,,,,,,,,0,61,432
2022.03.29.00,2617360,66079,0,,,3454,,,,2022.03.29.00,12350428,347554,0,,15423,,,,,,,,0,42,237
2022.03.28.00,2551327,34190,0,,,3412,,,,2022.03.28.00,12003054,187213,0,,15186,,,,,,,,0,40,287
2022.03.27.00,2517137,59151,0,,,3372,,,,2022.03.27.00,11815841,318130,0,,14899,,,,,,,,0,29,282
2022.03.26.00,2457986,64026,0,,,3343,,,,2022.03.26.00,11497711,335531,0,,14617,,,,,,,,0,36,323
2022.03.25.00,2393995,66943,0,,,3307,,,,2022.03.25.00,11162232,339514,0,,14294,,,,,,,,0,59,393
2022.03.24.00,2327080,77770,0,,,3248,,,,2022.03.24.00,10822836,395598,0,,13902,,,,,,,,0,61,470
2022.03.23.00,2249310,101133,0,,,3187,,,,2022.03.23.00,10427247,490881,0,,13432,,,,,,,,0,43,291
2022.03.22.00,2148186,65033,0,,,3144,,,,2022.03.22.00,9936540,353980,0,,13141,,,,,,,,0,46,384
2022.03.21.00,2083188,41078,0,,,3098,,,,2022.03.21.00,9582815,209169,0,,12757,,,,,,,,0,39,329
2022.03.20.00,2042110,65870,0,,,3059,,,,2022.03.20.00,9373646,334708,0,,12428,,,,,,,,0,44,327
2022.03.19.00,2038438,82132,0,,,3015,,,,2022.03.19.00,9038938,381454,0,,12101,,,,,,,,0,47,319
2022.03.18.00,1894113,81997,0,,,2968,,,,2022.03.18.00,8657609,407017,0,,11782,,,,,,,,0,41,301
2022.03.17.00,1812116,128375,0,,,2927,,,,2022.03.17.00,8250592,621266,0,,11484,,,,,,,,0,67,429
2022.03.16.00,1683745,81395,0,,,2860,,,,2022.03.16.00,7629275,400741,0,,11052,,,,,,,,0,26,164
2022.03.15.00,1602354,66067,1225081,374439,0,2834,,,,2022.03.15.00,7228550,362338,5468389,1749273,10888,,,,,,,,0,42,0
2022.03.14.00,1536292,56807,1159061,374439,0,2792,,,,2022.03.14.00,6866222,309790,5106354,1749273,10595,,,,,,,,0,24,0
2022.03.13.00,1479502,67814,1102295,374439,0,2768,,,,2022.03.13.00,6556453,350190,4796785,1749273,10395,,,,,,,,0,29,0
2022.03.12.00,1411694,80437,1034516,374439,20838,2739,,,,2022.03.12.00,6206277,383665,4446860,1749273,10144,,,,,,,,0,46,0
2022.03.11.00,1331263,56603,974969,353601,0,2693,,,,2022.03.11.00,5822626,282987,4254654,1558097,9875,,,,,,,,0,32,0
2022.03.10.00,1274661,66859,918399,353601,0,2661,,,,2022.03.10.00,5539650,327549,4029342,1500662,9646,,,,,,,,0,31,0
2022.03.09.00,1207803,74222,851572,353601,9143,2630,,,,2022.03.09.00,5212118,342446,3702016,1500662,9440,,,,,,,,0,23,0
2022.03.08.00,1133589,37484,786524,344458,17185,2607,,,,2022.03.08.00,4869691,202721,3426322,1434083,9286,,,,,,,,0,25,0
2022.03.07.00,1096106,39558,766251,327273,0,2582,,,,2022.03.07.00,4666977,210716,3350336,1307545,9096,,,,,,,,0,23,0
2022.03.06.00,1056548,49450,726716,327273,0,2559,,,,2022.03.06.00,4456264,243628,3139762,1307545,8957,,,,,,,,0,26,0
2022.03.05.00,1007099,53193,677293,327273,6054,2533,,,,2022.03.05.00,4212652,254327,2896311,1307545,8796,,,,,,,,0,31,0
2022.03.04.00,953906,59269,630185,321219,6969,2502,,,,2022.03.04.00,3958326,266853,2678332,1271414,8580,,,,,,,,0,34,0
2022.03.03.00,894637,43675,577919,314250,10661,2468,,,,2022.03.03.00,3691488,198803,2453100,1229994,8394,,,,,,,,0,18,0
2022.03.02.00,850962,46933,544923,303589,0,2450,,,,2022.03.02.00,3492686,219241,2317448,1166972,8266,,,,,,,,0,18,0
2022.03.01.00,804029,27885,498008,303589,11429,2432,,,,2022.03.01.00,3273449,138993,2098307,1166972,8170,,,,,,,,0,26,0
2022.02.28.00,776144,27973,481578,292160,0,2406,,,,2022.02.28.00,3134456,139626,2069129,1057269,8058,,,,,,,,0,36,0
2022.02.27.00,748173,35351,453643,292160,0,2370,,,,2022.02.27.00,2994841,163566,1929628,1057269,7944,,,,,,,,0,,
2022.02.26.00,712822,36829,418299,292160,4187,2363,,,,2022.02.26.00,2831283,166209,1766119,1057269,7895,,,,,,,,0,,
2022.02.25.00,675993,35614,385677,287973,3244,2343,,,,2022.02.25.00,2665077,165890,1626910,1030384,7783,,,,,,,,0,,
2022.02.24.00,640379,37172,353319,284729,3373,2331,,,,2022.02.24.00,2499188,170016,1498820,992679,7689,,,,,,,,0,,
2022.02.23.00,603209,41467,319533,281356,6425,2320,,,,2022.02.23.00,2329182,171452,1352051,969524,7607,,,,,,,,0,,
2022.02.22.00,561744,21807,284506,274931,9078,2307,,,,2022.02.22.00,2157734,99573,1213335,936891,7508,,,,,,,,0,,
2022.02.21.00,539938,20018,267846,269795,9078,2297,,,,2022.02.21.00,2058184,95362,1145606,905128,7450,,,,,,,,0,,
2022.02.20.00,519923,22102,249992,267644,9078,2287,,,,2022.02.20.00,1962837,104829,1063143,892289,7405,,,,,,,,0,,
2022.02.19.00,497821,23193,232332,263206,9078,2283,,,,2022.02.19.00,1858009,102211,980960,869695,7354,,,,,,,,0,,
2022.02.18.00,474628,25651,214285,258071,9078,2272,,,,2022.02.18.00,1755806,109831,896155,852368,7283,,,,,,,,0,,
2022.02.17.00,448977,19689,190836,255877,9078,2264,,,,2022.02.17.00,1645978,93135,797507,841233,7238,,,,,,,,0,,
2022.02.16.00,429289,18879,174289,252743,9078,2257,,,,2022.02.16.00,1552851,90443,719873,825776,7202,,,,,,,,0,,
2022.02.15.00,410410,12453,158289,249872,9078,2249,,,,2022.02.15.00,1462421,57177,652253,803005,7163,,,,,,,,0,,
2022.02.14.00,397957,11599,148010,247705,9078,2242,,,,2022.02.14.00,1405246,54619,606037,792107,7102,,,,,,,,0,,
2022.02.13.00,386358,11824,137213,246908,9078,2237,,,,2022.02.13.00,1350630,56431,563829,779720,7081,,,,,,,,0,,
2022.02.12.00,374534,13198,128546,243761,9078,2227,,,,2022.02.12.00,1294205,54941,516487,770673,7045,,,,,,,,0,,
2022.02.11.00,361336,11531,118679,240433,9078,2224,,,,2022.02.11.00,1239287,53926,477581,754694,7012,,,,,,,,0,,
2022.02.10.00,349805,11875,109359,238229,9078,2217,,,,2022.02.10.00,1185361,54122,443050,735348,6963,,,,,,,,0,,
2022.02.09.00,337930,11682,102058,233660,9078,2212,,,,2022.02.09.00,1131248,49567,404678,719627,6943,,,,,,,,0,,
2022.02.08.00,326253,5910,90964,233080,9078,2209,,,,2022.02.08.00,1081681,36719,399700,675059,6922,,,,,,,,0,,
2022.02.07.00,320343,6888,94136,224002,1958,2205,,,,2022.02.07.00,1044963,35286,376974,661103,6886,,,,,,,,0,,
2022.02.06.00,313462,7821,89215,222044,1554,2203,,,,2022.02.06.00,1009688,38691,348194,654621,6873,,,,,,,,0,,
2022.02.05.00,305641,8598,82952,220490,1467,2199,,,,2022.02.05.00,971018,36362,315365,648795,6858,,,,,,,,0,,
2022.02.04.00,297043,6160,75826,219023,2017,2194,,,,2022.02.04.00,934656,27443,285775,642045,6836,,,,,,,,0,,
2022.02.03.00,290883,5218,71686,217006,1205,2191,,,,2022.02.03.00,907214,22907,263242,637160,6812,,,,,,,,0,,
2022.02.02.00,285665,4209,67679,215801,756,2185,,,,2022.02.02.00,884310,20270,244463,633060,6787,,,,,,,,0,,
2022.02.01.00,281456,4131,64229,215045,528,2182,,,,2022.02.01.00,864042,18343,227783,629487,6772,,,,,,,,0,,
2022.01.31.00,277325,4193,61226,213919,528,2180,,,,2022.01.31.00,845709,17085,214196,624758,6755,,,,,,,,0,,
2022.01.30.00,273132,4185,57562,213391,800,2179,,,,2022.01.30.00,828637,17532,199933,621972,6732,,,,,,,,0,,
2022.01.29.00,268947,4199,54179,212591,1409,2177,,,,2022.01.29.00,811122,17542,185849,618561,6712,,,,,,,,0,,
2022.01.28.00,264748,3991,51397,211182,1567,2169,,,,2022.01.28.00,793582,16096,172192,614712,6678,,,,,,,,0,,
2022.01.27.00,260757,3429,48974,209615,1259,2168,,,,2022.01.27.00,777497,14518,160103,610740,6654,,,,,,,,0,,
2022.01.26.00,257330,3178,46810,208356,1430,2164,,,,2022.01.26.00,762983,13012,149084,607279,6620,,,,,,,,0,,
2022.01.25.00,254160,1724,45079,206926,925,2155,,,,2022.01.25.00,749979,8571,139125,604266,6588,,,,,,,,0,,
2022.01.24.00,252437,1679,44292,205997,925,2148,,,,2022.01.24.00,741413,7513,132725,602123,6565,,,,,,,,0,,
2022.01.23.00,250758,1694,43148,205470,925,2140,,,,2022.01.23.00,733902,7630,131717,595645,6540,,,,,,,,0,,
2022.01.22.00,249065,1591,44370,202560,925,2135,,,,2022.01.22.00,726274,7009,124100,595645,6529,,,,,,,,0,,
2022.01.21.00,247475,1552,42895,202458,925,2122,,,,2022.01.21.00,719269,6769,118745,594023,6501,,,,,,,,0,,
2022.01.20.00,245925,1362,43979,199829,925,2117,,,,2022.01.20.00,712503,6603,116255,589768,6480,,,,,,,,0,,
2022.01.19.00,244565,1231,42720,199738,925,2107,,,,2022.01.19.00,705902,5805,110919,588531,6452,,,,,,,,0,,
2022.01.18.00,243337,763,43126,198148,925,2063,,,,2022.01.18.00,700102,4072,108051,585673,6378,,,,,,,,0,,
2022.01.17.00,242574,790,42525,197998,925,2051,,,,2022.01.17.00,696032,3859,105162,584537,6333,,,,,,,,0,,
2022.01.16.00,241784,925,42215,197525,925,2044,,,,2022.01.16.00,692174,4194,103197,582667,6310,,,,,,,,0,,
2022.01.15.00,240862,912,42090,196739,925,2033,,,,2022.01.15.00,687984,4423,101039,580664,6281,,,,,,,,0,,
2022.01.14.00,239950,939,43579,194347,925,2024,,,,2022.01.14.00,683566,4542,100389,576918,6259,,,,,,,,0,,
2022.01.13.00,239014,978,42659,194346,925,2009,,,,2022.01.13.00,679030,4167,97057,575763,6210,,,,,,,,0,,
2022.01.12.00,238039,1093,44726,191317,925,1996,,,,2022.01.12.00,674868,4388,97283,571419,6166,,,,,,,,0,,
2022.01.11.00,236946,755,43651,191317,925,1978,,,,2022.01.11.00,670483,3097,94609,569760,6114,,,,,,,,0,,
2022.01.10.00,236192,781,44160,190067,925,1965,,,,2022.01.10.00,667390,3007,94811,566508,6071,,,,,,,,0,,
2022.01.09.00,235415,966,44060,189400,925,1955,,,,2022.01.09.00,664391,3376,94034,564320,6037,,,,,,,,0,,
2022.01.08.00,234449,994,44443,188072,925,1934,,,,2022.01.08.00,661015,3510,105541,549488,5986,,,,,,,,0,,
2022.01.07.00,233457,1038,44353,187191,925,1913,,,,2022.01.07.00,657508,3717,102088,549488,5932,,,,,,,,0,,
2022.01.06.00,232419,1208,45603,184918,925,1898,,,,2022.01.06.00,653792,4126,102441,545464,5887,,,,,,,,0,,
2022.01.05.00,231213,1412,45905,183420,925,1888,,,,2022.01.05.00,649669,4444,101837,541994,5838,,,,,,,,0,,
2022.01.04.00,229801,938,47231,180705,925,1865,,,,2022.01.04.00,645226,3024,102402,537043,5781,,,,,,,,0,,
2022.01.03.00,228867,993,48539,178481,925,1847,,,,2022.01.03.00,642207,3129,115515,520962,5730,,,,,,,,0,,
2022.01.02.00,227879,1183,47559,178481,925,1839,,,,2022.01.02.00,639083,3833,112427,520962,5694,,,,,,,,0,,
2022.01.01.00,226698,1464,47537,177348,925,1813,,,,2022.01.01.00,635253,4416,111908,517720,5625,,,,,,,,0,,
2021.12.31.00,225235,1670,47895,175554,925,1786,,,,2021.12.31.00,630838,4875,111297,513978,5563,,,,,,,,0,,
2021.12.30.00,223567,1722,47918,173898,925,1751,,,,2021.12.30.00,625967,5037,110555,509957,5455,,,,,,,,0,,
2021.12.29.00,221847,1915,48238,171880,925,1729,,,,2021.12.29.00,620938,5409,110086,505470,5382,,,,,,,,0,,
2021.12.28.00,219934,1290,48472,169741,925,1721,,,,2021.12.28.00,615532,3865,109913,500273,5346,,,,,,,,0,,
2021.12.27.00,218646,1496,48374,168574,925,1698,,,,2021.12.27.00,611670,4207,109432,496938,5300,,,,,,,,0,,
2021.12.26.00,217150,1917,47820,167649,1433,1681,,,,2021.12.26.00,607463,5419,108013,494205,5245,,,,,,,,0,,
2021.12.25.00,215233,2123,48049,165521,1433,1663,,,,2021.12.25.00,602045,5842,106926,489943,5176,,,,,,,,0,,
2021.12.24.00,213114,2346,47411,164088,1179,1615,,,,2021.12.24.00,596209,6233,105417,485721,5071,,,,,,,,0,,
2021.12.23.00,210768,2720,48540,160630,1179,1598,,,,2021.12.23.00,589978,6919,115908,469055,5015,,,,,,,,0,,
2021.12.22.00,208048,2805,49585,156894,1179,1569,,,,2021.12.22.00,583065,7456,114758,463401,4906,,,,,,,,0,,
2021.12.21.00,205249,1994,48436,155276,1179,1537,,,,2021.12.21.00,575615,5202,111159,459628,4828,,,,,,,,0,,
2021.12.20.00,203255,1908,48246,153488,1179,1521,,,,2021.12.20.00,570414,5318,109512,456126,4776,,,,,,,,0,,
2021.12.19.00,201347,2320,46849,152995,1179,1503,,,,2021.12.19.00,565098,6236,106350,454026,4722,,,,,,,,0,,
2021.12.18.00,199028,2794,45569,151980,1179,1479,,,,2021.12.18.00,558864,7314,102883,451337,4644,,,,,,,,0,,
2021.12.17.00,196234,2846,43972,150801,2203,1461,,,,2021.12.17.00,551551,7435,98151,448809,4591,,,,,,,,0,,
2021.12.16.00,193389,3057,43353,148598,456,1438,,,,2021.12.16.00,544117,7622,94629,444970,4518,,,,,,,,0,,
2021.12.15.00,190332,3166,40772,148142,1879,1418,,,,2021.12.15.00,536495,7850,89746,442293,4456,,,,,,,,0,,
2021.12.14.00,187169,2062,39511,146263,624,1395,,,,2021.12.14.00,528652,5567,88724,435541,4387,,,,,,,,0,,
2021.12.13.00,185108,2550,38113,145639,692,1356,,,,2021.12.13.00,523088,5817,85231,433564,4293,,,,,,,,0,,
2021.12.12.00,182558,2528,36271,144947,998,1340,,,,2021.12.12.00,512976,6689,77117,431606,4253,,,,,,,,0,,
2021.12.11.00,180031,2835,34754,143949,1337,1328,,,,2021.12.11.00,510583,6977,77117,429256,4210,,,,,,,,0,,
2021.12.10.00,177196,2800,33280,142612,837,1304,,,,2021.12.10.00,503606,7022,73035,426441,4130,,,,,,,,0,,
2021.12.09.00,174396,2790,31341,141775,2021,1280,,,,2021.12.09.00,496584,7102,68287,424220,4077,,,,,,,,0,,
2021.12.08.00,171606,2901,30589,139754,1126,1263,,,,2021.12.08.00,489484,7175,71724,413740,4020,,,,,,,,0,,
2021.12.07.00,168705,2120,28838,138628,1090,1239,,,,2021.12.07.00,482310,4954,66995,411358,3957,,,,,,,,0,,
2021.12.06.00,166586,1408,27834,137538,900,1214,,,,2021.12.06.00,477358,4325,64424,409041,3893,,,,,,,,0,,
2021.12.05.00,165178,2032,27347,136638,488,1193,,,,2021.12.05.00,473034,5128,62007,407175,3852,,,,,,,,0,,
2021.12.04.00,163146,2273,25818,136150,1064,1178,,,,2021.12.04.00,467907,5352,58555,405543,3809,,,,,,,,0,,
2021.12.03.00,160873,2099,24639,135086,1889,1148,,,,2021.12.03.00,462555,4944,55397,403419,3739,,,,,,,,0,,
2021.12.02.00,158774,2268,24441,133197,1330,1136,,,,2021.12.02.00,457612,5266,53322,400585,3705,,,,,,,,0,,
2021.12.01.00,156507,2222,23527,131867,1299,1113,,,,2021.12.01.00,452350,5123,50368,398323,3659,,,,,,,,0,,
2021.11.30.00,154286,1186,22618,130568,1264,1100,,,,2021.11.30.00,447230,3032,47536,396070,3624,,,,,,,,0,,
2021.11.29.00,153100,1393,22712,129304,510,1084,,,,2021.11.29.00,444200,3309,47003,393617,3580,,,,,,,,0,,
2021.11.28.00,151711,1676,21845,128794,565,1072,,,,2021.11.28.00,440896,3928,45037,392311,3548,,,,,,,,0,,
2021.11.27.00,150035,1888,20760,128229,1568,1046,,,,2021.11.27.00,436968,4068,43335,390141,3492,,,,,,,,0,,
2021.11.26.00,148147,1742,20461,126661,933,1025,,,,2021.11.26.00,432901,3901,45910,383551,3440,,,,,,,,0,,
2021.11.25.00,146406,1760,19674,125728,760,1004,,,,2021.11.25.00,429002,3938,43750,381851,3401,,,,,,,,0,,
2021.11.24.00,144647,1735,18685,124968,1020,994,,,,2021.11.24.00,425065,4116,41325,380377,3363,,,,,,,,0,,
2021.11.23.00,142913,1165,17992,123948,1017,973,,,,2021.11.23.00,420950,2699,39061,378561,3328,,,,,,,,0,,
2021.11.22.00,141748,1278,17857,122931,332,960,,,,2021.11.22.00,418252,2827,38248,376706,3298,,,,,,,,0,,
2021.11.21.00,140470,1320,16919,122599,684,952,,,,2021.11.21.00,415425,3120,36396,375755,3274,,,,,,,,0,,
2021.11.20.00,139154,1377,16298,121915,1235,941,,,,2021.11.20.00,412311,3212,34684,374383,3244,,,,,,,,0,,
2021.11.19.00,137777,1401,16171,120680,504,926,,,,2021.11.19.00,409099,3034,37161,368723,3215,,,,,,,,0,,
2021.11.18.00,136376,1429,15288,120176,805,912,,,,2021.11.18.00,406065,3292,35300,367578,3187,,,,,,,,0,,
2021.11.17.00,134948,1436,14679,119371,805,898,,,,2021.11.17.00,402775,3187,33528,366089,3158,,,,,,,,0,,
2021.11.16.00,133513,846,14057,118566,778,890,,,,2021.11.16.00,399591,2125,31955,364499,3137,,,,,,,,0,,
2021.11.15.00,132668,859,14001,117788,713,879,,,,2021.11.15.00,397466,2006,31517,362834,3115,,,,,,,,0,,
2021.11.14.00,131809,978,13858,117075,448,876,,,,2021.11.14.00,395460,2419,31466,360891,3103,,,,,,,,0,,
2021.11.13.00,130831,1005,13335,116627,933,869,,,,2021.11.13.00,393042,2325,30406,359553,3083,,,,,,,,0,,
2021.11.12.00,129827,949,13272,115694,617,861,,,,2021.11.12.00,390719,2368,31053,356615,3051,,,,,,,,0,,
2021.11.11.00,128878,1004,12946,115077,574,855,,,,2021.11.11.00,388351,2520,30304,355014,3033,,,,,,,,0,,
2021.11.10.00,127874,973,12527,114503,1046,844,,,,2021.11.10.00,385831,2425,29879,352940,3012,,,,,,,,0,,
2021.11.09.00,126901,662,12604,113457,1043,840,,,,2021.11.09.00,383407,1715,29751,350658,2998,,,,,,,,0,,
2021.11.08.00,126241,709,12994,112414,351,833,,,,2021.11.08.00,381694,1760,30915,347799,2980,,,,,,,,0,,
2021.11.07.00,125533,848,12642,112063,421,828,,,,2021.11.07.00,379935,2224,30167,346801,2967,,,,,,,,0,,
2021.11.06.00,124685,916,12221,111642,908,822,,,,2021.11.06.00,377712,2248,29190,345566,2956,,,,,,,,0,,
2021.11.05.00,123769,980,12217,110734,864,818,,,,2021.11.05.00,375464,2344,29291,343237,2936,,,,,,,,0,,
2021.11.04.00,122789,946,12105,109870,719,814,,,,2021.11.04.00,373120,2482,28316,341888,2916,,,,,,,,0,,
2021.11.03.00,121843,1004,11885,109151,642,807,,,,2021.11.03.00,370640,2667,27277,340471,2892,,,,,,,,0,,
2021.11.02.00,120840,600,11529,108509,603,802,,,,2021.11.02.00,367974,1589,26153,338947,2874,,,,,,,,0,,
2021.11.01.00,120240,646,11535,107906,356,799,,,,2021.11.01.00,366386,1686,26175,337353,2858,,,,,,,,0,,
2021.10.31.00,119594,760,11248,107550,951,796,,,,2021.10.31.00,364700,2061,25303,336548,2849,,,,,,,,0,,
2021.10.30.00,118834,706,11447,106599,434,788,,,,2021.10.30.00,362639,2104,25228,334581,2830,,,,,,,,0,,
2021.10.29.00,118128,770,11177,106165,539,786,,,,2021.10.29.00,360536,2124,24724,332995,2817,,,,,,,,0,,
2021.10.28.00,117358,788,10950,105626,394,782,,,,2021.10.28.00,358412,2111,24751,330853,2808,,,,,,,,0,,
2021.10.27.00,116572,729,10561,105232,520,779,,,,2021.10.27.00,356305,1952,23850,329658,2797,,,,,,,,0,,
2021.10.26.00,115844,427,10356,104712,800,776,,,,2021.10.26.00,354355,1266,23975,327592,2788,,,,,,,,0,,
2021.10.25.00,115417,455,10736,103912,488,769,,,,2021.10.25.00,353089,1190,25868,324448,2773,,,,,,,,0,,
2021.10.24.00,114962,520,10774,103424,258,764,,,,2021.10.24.00,351899,1423,25740,323393,2766,,,,,,,,0,,
2021.10.23.00,114442,551,10520,103166,804,756,,,,2021.10.23.00,350476,1508,25195,322536,2745,,,,,,,,0,,
2021.10.22.00,113891,519,10783,102362,830,746,,,,2021.10.22.00,348969,1440,25927,320317,2725,,,,,,,,0,,
2021.10.21.00,113372,506,11099,101532,446,741,,,,2021.10.21.00,347529,1441,27065,317755,2709,,,,,,,,0,,
2021.10.20.00,112866,504,11043,101086,1022,737,,,,2021.10.20.00,346088,1571,26783,316607,2698,,,,,,,,0,,
2021.10.19.00,112363,298,11567,100064,859,732,,,,2021.10.19.00,344518,1073,28397,313432,2689,,,,,,,,0,,
2021.10.18.00,112065,355,12139,99205,696,721,,,,2021.10.18.00,343445,1050,28996,311781,2668,,,,,,,,0,,
2021.10.17.00,111710,506,12484,98509,693,717,,,,2021.10.17.00,342396,1420,29392,310344,2660,,,,,,,,0,,
2021.10.16.00,111205,586,12680,97816,753,709,,,,2021.10.16.00,340978,1618,30147,308187,2644,,,,,,,,0,,
2021.10.15.00,110620,681,12855,97063,364,702,,,,2021.10.15.00,339361,1684,30884,305851,2626,,,,,,,,0,,
2021.10.14.00,109940,748,12540,96699,879,701,,,,2021.10.14.00,337679,1940,31342,303719,2618,,,,,,,,0,,
2021.10.13.00,109195,583,12679,95820,473,696,,,,2021.10.13.00,335742,1584,31071,302066,2605,,,,,,,,0,,
2021.10.12.00,108617,482,12576,95347,412,694,,,,2021.10.12.00,334163,1347,32309,299260,2594,,,,,,,,0,,
2021.10.11.00,108135,511,12512,94935,507,688,,,,2021.10.11.00,332816,1297,32211,298022,2583,,,,,,,,0,,
2021.10.10.00,107624,583,12513,94428,674,683,,,,2021.10.10.00,331519,1594,32236,296708,2575,,,,,,,,0,,
2021.10.09.00,107041,712,12609,93754,1687,678,,,,2021.10.09.00,329925,1953,32436,294929,2560,,,,,,,,0,,
2021.10.08.00,106332,776,13591,92067,1751,674,,,,2021.10.08.00,327976,2176,33331,292091,2554,,,,,,,,0,,
2021.10.07.00,105558,837,14573,90316,756,669,,,,2021.10.07.00,325804,2427,34438,288822,2544,,,,,,,,0,,
2021.10.06.00,104723,690,14497,89560,975,666,,,,2021.10.06.00,323379,2028,33803,287040,2536,,,,,,,,0,,
2021.10.05.00,104033,521,14786,88585,379,662,,,,2021.10.05.00,321352,1575,34631,284197,2524,,,,,,,,0,,
2021.10.04.00,103512,574,14650,88206,592,656,,,,2021.10.04.00,319777,1673,34595,282669,2513,,,,,,,,0,,
2021.10.03.00,102939,736,14670,87614,624,655,,,,2021.10.03.00,318104,2085,36750,278847,2507,,,,,,,,0,,
2021.10.02.00,102204,793,14561,86990,560,653,,,,2021.10.02.00,316020,2248,36424,277092,2504,,,,,,,,0,,
2021.10.01.00,101411,916,14332,86430,529,649,,,,2021.10.01.00,313773,2486,35700,275576,2497,,,,,,,,0,,
2021.09.30.00,100495,945,13951,85901,543,643,,,,2021.09.30.00,311289,2564,34603,274205,2481,,,,,,,,0,,
2021.09.29.00,99550,1054,13553,85358,766,639,,,,2021.09.29.00,308725,2885,33527,272724,2474,,,,,,,,0,,
2021.09.28.00,98497,842,13270,84592,727,635,,,,2021.09.28.00,305842,2289,32450,270928,2464,,,,,,,,0,,
2021.09.27.00,97655,778,13157,83865,184,633,,,,2021.09.27.00,303553,2383,31965,269132,2456,,,,,,,,0,,
2021.09.26.00,96877,928,12564,83681,797,632,,,,2021.09.26.00,301172,2771,30582,268140,2450,,,,,,,,0,,
2021.09.25.00,95949,1222,12435,82884,957,630,,,,2021.09.25.00,298402,3273,29547,266414,2441,,,,,,,,0,,
2021.09.24.00,94728,907,12174,81927,657,627,,,,2021.09.24.00,295132,2434,28206,264492,2434,,,,,,,,0,,
2021.09.23.00,93821,645,11926,81270,415,625,,,,2021.09.23.00,292699,1716,27430,262842,2427,,,,,,,,0,,
2021.09.22.00,93176,644,11700,80855,337,621,,,,2021.09.22.00,290983,1720,26752,261812,2419,,,,,,,,0,,
2021.09.21.00,92532,676,11394,80518,266,620,,,,2021.09.21.00,289263,1729,26760,260090,2413,,,,,,,,0,,
2021.09.20.00,91856,583,10986,80252,307,618,,,,2021.09.20.00,287536,1605,26116,259011,2409,,,,,,,,0,,
2021.09.19.00,91273,742,10711,79945,549,617,,,,2021.09.19.00,285931,1910,26078,257449,2404,,,,,,,,0,,
2021.09.18.00,90532,703,10520,79396,500,616,,,,2021.09.18.00,284022,2087,25599,256029,2394,,,,,,,,0,,
2021.09.17.00,89829,746,10319,78896,1004,614,,,,2021.09.17.00,281938,2008,25455,254094,2389,,,,,,,,0,,
2021.09.16.00,89083,719,10577,77892,785,614,,,,2021.09.16.00,279930,1943,25506,252038,2386,,,,,,,,0,,
2021.09.15.00,88364,808,10645,77107,786,612,,,,2021.09.15.00,277989,2080,25776,249833,2380,,,,,,,,0,,
2021.09.14.00,87556,539,10627,76321,323,608,,,,2021.09.14.00,275910,1497,25896,247647,2367,,,,,,,,0,,
2021.09.13.00,87018,556,10413,75998,228,607,,,,2021.09.13.00,274415,1433,26550,245505,2360,,,,,,,,0,,
2021.09.12.00,86462,658,10085,75770,310,607,,,,2021.09.12.00,272982,1755,26164,244459,2359,,,,,,,,0,,
2021.09.11.00,85804,659,9737,75460,458,607,,,,2021.09.11.00,271227,1865,25909,242960,2358,,,,,,,,0,,
2021.09.10.00,85145,670,9540,75002,509,603,,,,2021.09.10.00,269362,1892,26281,240733,2348,,,,,,,,0,,
2021.09.09.00,84475,667,9383,74493,316,599,,,,2021.09.09.00,267470,2049,26207,238920,2343,,,,,,,,0,,
2021.09.08.00,83808,671,9034,74177,669,597,,,,2021.09.08.00,265423,2050,25803,237286,2334,,,,,,,,0,,
2021.09.07.00,83138,482,9035,73508,535,595,,,,2021.09.07.00,263374,1597,25819,235225,2330,,,,,,,,0,,
2021.09.06.00,82657,464,9091,72973,404,593,,,,2021.09.06.00,261778,1375,25756,233695,2327,,,,,,,,0,,
2021.09.05.00,82193,508,9032,72569,704,592,,,,2021.09.05.00,260403,1490,25748,232334,2321,,,,,,,,0,,
2021.09.04.00,81685,566,9230,71865,522,590,,,,2021.09.04.00,258913,1804,26193,230405,2315,,,,,,,,0,,
2021.09.03.00,81119,542,9188,71343,644,588,,,,2021.09.03.00,257110,1709,26184,228618,2308,,,,,,,,0,,
2021.09.02.00,80577,559,9291,70699,801,587,,,,2021.09.02.00,255401,1961,26876,226222,2303,,,,,,,,0,,
2021.09.01.00,80019,665,9537,69898,497,584,,,,2021.09.01.00,253445,2025,26834,224319,2292,,,,,,,,0,,
2021.08.31.00,79354,456,9370,69401,364,583,,,,2021.08.31.00,251421,1372,27435,221701,2285,,,,,,,,0,,
2021.08.30.00,78899,444,9280,69037,551,582,,,,2021.08.30.00,250051,1487,27409,220358,2284,,,,,,,,0,,
2021.08.29.00,78455,517,9388,68486,599,581,,,,2021.08.29.00,248568,1619,27563,218726,2279,,,,,,,,0,,
2021.08.28.00,77940,569,9472,67887,628,581,,,,2021.08.28.00,246951,1793,27686,216989,2276,,,,,,,,0,,
2021.08.27.00,77371,557,9533,67259,634,579,,,,2021.08.27.00,245158,1841,28220,214673,2265,,,,,,,,0,,
2021.08.26.00,76814,570,9611,66625,232,578,,,,2021.08.26.00,243317,1882,28189,212871,2257,,,,,,,,0,,
2021.08.25.00,76245,677,9277,66393,649,575,,,,2021.08.25.00,241439,2155,28025,211177,2237,,,,,,,,0,,
2021.08.24.00,75570,438,9252,65744,457,574,,,,2021.08.24.00,239287,1509,27866,209193,2228,,,,,,,,0,,
2021.08.23.00,75136,388,9276,65287,489,573,,,,2021.08.23.00,237782,1418,27959,207601,2222,,,,,,,,0,,
2021.08.22.00,74749,499,9380,64798,357,571,,,,2021.08.22.00,236366,1628,27875,206276,2215,,,,,,,,0,,
2021.08.21.00,74251,526,9243,64441,478,567,,,,2021.08.21.00,234739,1880,28019,204518,2202,,,,,,,,0,,
2021.08.20.00,73725,556,9196,63963,505,566,,,,2021.08.20.00,232859,2052,27887,202775,2197,,,,,,,,0,,
2021.08.19.00,73169,575,9147,63458,565,564,,,,2021.08.19.00,230808,2152,27382,201235,2191,,,,,,,,0,,
2021.08.18.00,72594,510,9140,62893,525,561,,,,2021.08.18.00,228657,1805,26897,199582,2178,,,,,,,,0,,
2021.08.17.00,72086,366,9158,62368,122,560,,,,2021.08.17.00,226854,1373,27457,197224,2173,,,,,,,,0,,
2021.08.16.00,71720,364,8917,62246,185,557,,,,2021.08.16.00,225481,1556,27116,196198,2167,,,,,,,,0,,
2021.08.15.00,71358,488,8743,62061,362,554,,,,2021.08.15.00,223928,1817,26669,195103,2156,,,,,,,,0,,
2021.08.14.00,70870,515,8621,61699,459,550,,,,2021.08.14.00,222111,1930,26185,193778,2148,,,,,,,,0,,
2021.08.13.00,70355,524,8566,61240,562,549,,,,2021.08.13.00,220182,1990,25790,192248,2144,,,,,,,,0,,
2021.08.12.00,69831,526,8607,60678,154,546,,,,2021.08.12.00,218192,1987,25519,190535,2138,,,,,,,,0,,
2021.08.11.00,69306,661,8236,60524,606,546,,,,2021.08.11.00,216206,2223,24565,189506,2135,,,,,,,,0,,
2021.08.10.00,68646,360,8183,59918,456,545,,,,2021.08.10.00,213987,1540,24330,187523,2134,,,,,,,,0,,
2021.08.09.00,68287,415,8282,59462,454,543,,,,2021.08.09.00,212448,1492,24081,186242,2125,,,,,,,,0,,
2021.08.08.00,67872,450,8322,59008,324,542,,,,2021.08.08.00,210956,1729,23832,185003,2121,,,,,,,,0,,
2021.08.07.00,67422,503,8198,58684,663,540,,,,2021.08.07.00,209228,1823,23323,183789,2116,,,,,,,,0,,
2021.08.06.00,66919,464,8358,58021,511,540,,,,2021.08.06.00,207406,1704,23241,182052,2113,,,,,,,,0,,
2021.08.05.00,66455,466,8406,57510,381,539,,,,2021.08.05.00,205702,1776,22874,180719,2109,,,,,,,,0,,
2021.08.04.00,65989,486,8323,57129,326,537,,,,2021.08.04.00,203926,1725,22697,179123,2106,,,,,,,,0,,
2021.08.03.00,65503,311,8163,56803,419,537,,,,2021.08.03.00,202203,1202,22190,177909,2104,,,,,,,,0,,
2021.08.02.00,65193,365,8274,56384,196,535,,,,2021.08.02.00,201002,1219,22298,176605,2099,,,,,,,,0,,
2021.08.01.00,64832,473,8109,56188,123,535,,,,2021.08.01.00,199787,1442,22015,175674,2098,,,,,,,,0,,
2021.07.31.00,64359,476,7760,56065,508,534,,,,2021.07.31.00,198345,1539,22073,174177,2095,,,,,,,,0,,
2021.07.30.00,63883,488,7794,55557,242,532,,,,2021.07.30.00,196806,1710,21960,172757,2089,,,,,,,,0,,
2021.07.29.00,63396,515,7549,55315,271,532,,,,2021.07.29.00,195099,1674,21455,171559,2085,,,,,,,,0,,
2021.07.28.00,62881,573,7306,55044,508,531,,,,2021.07.28.00,193427,1896,20850,170494,2083,,,,,,,,0,,
2021.07.27.00,62308,351,7599,54180,508,529,,,,2021.07.27.00,191531,1365,20823,168629,2079,,,,,,,,0,,
2021.07.26.00,61957,341,7756,53672,208,529,,,,2021.07.26.00,190166,1318,20724,167365,2077,,,,,,,,0,,
2021.07.25.00,61616,489,7623,53464,365,529,,,,2021.07.25.00,188848,1487,20400,166375,2073,,,,,,,,0,,
2021.07.24.00,61128,465,7501,53099,349,528,,,,2021.07.24.00,187362,1629,20048,165246,2068,,,,,,,,0,,
2021.07.23.00,60663,520,7385,52750,424,528,,,,2021.07.23.00,185733,1630,19461,164206,2066,,,,,,,,0,,
2021.07.22.00,60143,499,7289,52326,668,528,,,,2021.07.22.00,184103,1842,18967,163073,2063,,,,,,,,0,,
2021.07.21.00,59644,604,7458,51658,439,528,,,,2021.07.21.00,182265,1784,18571,161634,2060,,,,,,,,0,,
2021.07.20.00,59040,394,7294,51219,161,527,,,,2021.07.20.00,180481,1278,18075,160347,2059,,,,,,,,0,,
2021.07.19.00,58646,419,7061,51058,187,527,,,,2021.07.19.00,179203,1252,17515,159630,2058,,,,,,,,0,,
2021.07.18.00,58227,523,6829,50871,462,527,,,,2021.07.18.00,177951,1454,16941,158953,2057,,,,,,,,0,,
2021.07.17.00,57704,562,6768,50409,342,527,,,,2021.07.17.00,176500,1455,16485,157960,2055,,,,,,,,0,,
2021.07.16.00,57142,570,6550,50067,152,525,,,,2021.07.16.00,175046,1536,15882,157113,2051,,,,,,,,0,,
2021.07.15.00,56573,520,6133,49915,520,525,,,,2021.07.15.00,173511,1600,14952,156509,2050,,,,,,,,0,,
2021.07.14.00,56053,638,6134,49395,315,524,,,,2021.07.14.00,171911,1615,14372,155491,2048,,,,,,,,0,,
2021.07.13.00,55415,417,5812,49080,131,523,,,,2021.07.13.00,170296,1150,13498,154752,2046,,,,,,,,0,,
2021.07.12.00,54998,403,5526,48949,130,523,,,,2021.07.12.00,169146,1100,12915,154187,2044,,,,,,,,0,,
2021.07.11.00,54595,509,5253,48819,277,523,,,,2021.07.11.00,168046,1324,12243,153760,2043,,,,,,,,0,,
2021.07.10.00,54086,509,5023,48542,275,521,,,,2021.07.10.00,166722,1378,11531,153153,2038,,,,,,,,0,,
2021.07.09.00,53577,503,4791,48267,201,519,,,,2021.07.09.00,165344,1316,10810,152498,2036,,,,,,,,0,,
2021.07.08.00,53074,550,4490,48066,127,518,,,,2021.07.08.00,164028,1275,10071,151923,2034,,,,,,,,0,,
2021.07.07.00,52524,583,4067,47939,308,518,,,,2021.07.07.00,162753,1212,9220,151500,2033,,,,,,,,0,,
2021.07.06.00,51941,320,3792,47631,234,518,,,,2021.07.06.00,161541,746,8749,150760,2032,,,,,,,,0,,
2021.07.05.00,51621,307,3707,47397,190,517,,,,2021.07.05.00,160795,711,8723,150044,2028,,,,,,,,0,,
2021.07.04.00,51314,289,3591,47207,159,516,,,,2021.07.04.00,160084,743,8444,149614,2026,,,,,,,,0,,
2021.07.03.00,51026,359,3462,47048,380,516,,,,2021.07.03.00,159342,794,8185,149132,2025,,,,,,,,0,,
2021.07.02.00,50668,347,3485,46668,75,515,,,,2021.07.02.00,158549,826,8206,148319,2024,,,,,,,,0,,
2021.07.01.00,50321,334,3214,46593,92,514,,,,2021.07.01.00,157723,762,7678,148024,2021,,,,,,,,0,,
2021.06.30.00,49987,375,2973,46501,350,513,,,,2021.06.30.00,156961,794,7250,147693,2018,,,,,,,,0,,
2021.06.29.00,49612,205,2948,46151,65,513,,,,2021.06.29.00,156167,595,7073,147077,2017,,,,,,,,0,,
2021.06.28.00,49407,185,2808,46086,88,513,,,,2021.06.28.00,155572,501,6882,146675,2015,,,,,,,,0,,
2021.06.27.00,49222,242,2712,45998,111,512,,,,2021.06.27.00,155071,614,6718,146340,2013,,,,,,,,0,,
2021.06.26.00,48980,263,2581,45887,177,512,,,,2021.06.26.00,154457,668,6456,145989,2012,,,,,,,,0,,
2021.06.25.00,48717,269,2496,45710,319,511,,,,2021.06.25.00,153789,634,6391,145389,2009,,,,,,,,0,,
2021.06.24.00,48448,252,2547,45391,124,510,,,,2021.06.24.00,153155,610,6359,144788,2008,,,,,,,,0,,
2021.06.23.00,48196,236,2419,45267,137,510,,,,2021.06.23.00,152545,645,6159,144379,2007,,,,,,,,0,,
2021.06.22.00,47961,132,2322,45130,201,509,,,,2021.06.22.00,151901,395,6078,143817,2006,,,,,,,,0,,
2021.06.21.00,47829,134,2392,44929,124,508,,,,2021.06.21.00,151506,357,6234,143268,2004,,,,,,,,0,,
2021.06.20.00,47695,165,2383,44805,188,507,,,,2021.06.20.00,151149,429,6248,142899,2002,,,,,,,,0,,
2021.06.19.00,47530,197,2407,44617,143,506,,,,2021.06.19.00,150720,482,6338,142385,1997,,,,,,,,0,,
2021.06.18.00,47333,200,2354,44474,392,505,,,,2021.06.18.00,150238,507,6426,141816,1996,,,,,,,,0,,
2021.06.17.00,47133,201,2547,44082,184,504,,,,2021.06.17.00,149731,540,6708,141029,1994,,,,,,,,0,,
2021.06.16.00,46932,201,2531,43898,253,503,,,,2021.06.16.00,149192,545,6760,140438,1994,,,,,,,,0,,
2021.06.15.00,46732,132,2585,43645,241,502,,,,2021.06.15.00,148647,374,6922,139733,1992,,,,,,,,0,,
2021.06.14.00,46600,122,2695,43404,108,501,,,,2021.06.14.00,148273,399,7263,139022,1988,,,,,,,,0,,
2021.06.13.00,46478,176,2681,43296,122,501,,,,2021.06.13.00,147874,452,7308,138581,1985,,,,,,,,0,,
2021.06.12.00,46302,208,2629,43174,399,499,,,,2021.06.12.00,147422,565,7403,138037,1982,,,,,,,,0,,
2021.06.11.00,46096,204,2822,42775,148,499,,,,2021.06.11.00,146859,556,7654,137224,1981,,,,,,,,0,,
2021.06.10.00,45892,213,2766,42627,201,499,,,,2021.06.10.00,146303,611,7611,136713,1979,,,,,,,,0,,
2021.06.09.00,45679,183,2754,42426,134,499,,,,2021.06.09.00,145692,602,7541,136174,1977,,,,,,,,0,,
2021.06.08.00,45497,139,2707,42292,196,498,,,,2021.06.08.00,145091,454,7704,135412,1975,,,,,,,,0,,
2021.06.07.00,45358,159,2765,42096,334,497,,,,2021.06.07.00,144637,485,7802,134861,1974,,,,,,,,0,,
2021.06.06.00,45199,179,2940,41762,151,497,,,,2021.06.06.00,144152,556,7917,134262,1973,,,,,,,,0,,
2021.06.05.00,45020,277,2913,41611,117,496,,,,2021.06.05.00,143596,744,7862,133763,1971,,,,,,,,0,,
2021.06.04.00,44743,206,2753,41494,100,496,,,,2021.06.04.00,142852,695,7594,133289,1969,,,,,,,,0,,
2021.06.03.00,44537,215,2648,41394,232,495,,,,2021.06.03.00,142157,681,7490,132699,1968,,,,,,,,0,,
2021.06.02.00,44322,258,2668,41162,130,492,,,,2021.06.02.00,141476,677,7443,132068,1965,,,,,,,,0,,
2021.06.01.00,44064,147,2541,41032,217,491,,,,2021.06.01.00,140799,459,7373,131463,1963,,,,,,,,0,,
2021.05.31.00,43917,130,2614,40815,136,488,,,,2021.05.31.00,140340,430,7558,130823,1959,,,,,,,,0,,
2021.05.30.00,43787,160,2620,40679,90,488,,,,2021.05.30.00,139910,480,7572,130381,1957,,,,,,,,0,,
2021.05.29.00,43627,194,2552,40589,533,486,,,,2021.05.29.00,139431,533,7741,129739,1951,,,,,,,,0,,
2021.05.28.00,43433,214,2892,40056,202,485,,,,2021.05.28.00,138898,587,8191,128761,1946,,,,,,,,0,,
2021.05.27.00,43219,218,2883,39854,174,482,,,,2021.05.27.00,138311,629,8188,128180,1943,,,,,,,,0,,
2021.05.26.00,43001,262,2840,39680,234,481,,,,2021.05.26.00,137682,707,8160,127582,1940,,,,,,,,0,,
2021.05.25.00,42739,138,2813,39446,170,480,,,,2021.05.25.00,136983,516,8052,126993,1938,,,,,,,,0,,
2021.05.24.00,42601,139,2845,39276,124,480,,,,2021.05.24.00,136467,538,8106,126427,1934,,,,,,,,0,,
2021.05.23.00,42462,181,2830,39152,289,480,,,,2021.05.23.00,135929,585,8117,125881,1931,,,,,,,,0,,
2021.05.22.00,42281,208,2938,38863,450,480,,,,2021.05.22.00,135344,666,8386,125032,1926,,,,,,,,0,,
2021.05.21.00,42073,172,3181,38413,143,479,,,,2021.05.21.00,134678,561,8598,124158,1922,,,,,,,,0,,
2021.05.20.00,41901,242,3156,38270,151,475,,,,2021.05.20.00,134117,646,8542,123659,1916,,,,,,,,0,,
2021.05.19.00,41659,249,3066,38119,159,474,,,,2021.05.19.00,133471,654,8322,123237,1912,,,,,,,,0,,
2021.05.18.00,41410,172,2978,37960,126,472,,,,2021.05.18.00,132818,528,8283,122631,1904,,,,,,,,0,,
2021.05.17.00,41238,195,2932,37834,113,472,,,,2021.05.17.00,132290,619,8224,122163,1903,,,,,,,,0,,
2021.05.16.00,41043,213,2851,37721,164,471,,,,2021.05.16.00,131671,610,8007,121764,1900,,,,,,,,0,,
2021.05.15.00,40830,254,2805,37557,387,468,,,,2021.05.15.00,131061,681,7883,121282,1896,,,,,,,,0,,
2021.05.14.00,40576,231,2938,37170,153,468,,,,2021.05.14.00,130380,747,8092,120395,1893,,,,,,,,0,,
2021.05.13.00,40345,227,2860,37017,127,468,,,,2021.05.13.00,129633,715,7836,119906,1891,,,,,,,,0,,
2021.05.12.00,40118,223,2762,36890,151,466,,,,2021.05.12.00,128918,635,7661,119373,1884,,,,,,,,0,,
2021.05.12.00,40118,223,2762,36890,151,466,,,,2021.05.12.00,128918,635,7661,119373,1884,,,,,,,,0,,
2021.05.11.00,39895,163,2692,36739,214,464,,,,2021.05.11.00,128283,511,7687,118717,1879,,,,,,,,0,,
2021.05.10.00,39732,141,2745,36525,127,462,,,,2021.05.10.00,127772,463,8053,117844,1875,,,,,,,,0,,
2021.05.09.00,39591,195,2731,36398,127,462,,,,2021.05.09.00,127309,564,8012,117423,1874,,,,,,,,0,,
2021.05.08.00,39396,242,2666,36271,423,459,,,,2021.05.08.00,126745,701,7999,116881,1865,,,,,,,,0,,
2021.05.07.00,39154,179,2849,35848,180,457,,,,2021.05.07.00,126044,525,8162,116022,1860,,,,,,,,0,,
2021.05.06.00,38975,212,2854,35668,120,453,,,,2021.05.06.00,125519,574,8177,115491,1851,,,,,,,,0,,
2021.05.05.00,38763,238,2763,35548,189,452,,,,2021.05.05.00,124945,676,8154,114944,1847,,,,,,,,0,,
2021.05.04.00,38525,184,2714,35359,250,452,,,,2021.05.04.00,124269,541,8301,114128,1840,,,,,,,,0,,
2021.05.03.00,38341,127,2781,35109,58,451,,,,2021.05.03.00,123728,488,8538,113356,1834,,,,,,,,0,,
2021.05.02.00,38214,182,2712,35051,143,451,,,,2021.05.02.00,123240,606,8542,112865,1833,,,,,,,,0,,
2021.05.01.00,38032,195,2674,34908,431,450,,,,2021.05.01.00,122634,627,8466,112337,1831,,,,,,,,0,,
2021.04.30.00,37837,227,2912,34477,148,448,,,,2021.04.30.00,122007,661,8757,111422,1828,,,,,,,,0,,
2021.04.29.00,37610,227,2834,34329,117,447,,,,2021.04.29.00,121351,680,8739,110787,1825,,,,,,,,0,,
2021.04.28.00,37385,259,2728,34212,145,445,,,,2021.04.28.00,120673,775,8604,110248,1821,,,,,,,,0,,
2021.04.27.00,37126,116,2614,34067,261,445,,,,2021.04.27.00,119898,512,8383,109695,1820,,,,,,,,0,,
2021.04.26.00,37010,154,2759,33806,34,445,,,,2021.04.26.00,119387,500,8720,108850,1817,,,,,,,,0,,
2021.04.25.00,36856,175,2640,33772,272,444,,,,2021.04.25.00,118887,644,8599,108475,1813,,,,,,,,0,,
2021.04.24.00,36681,253,2737,33500,271,444,,,,2021.04.24.00,118243,785,8650,107781,1812,,,,,,,,0,,
2021.04.23.00,36428,204,2755,33229,167,444,,,,2021.04.23.00,117458,797,8576,107071,1811,,,,,,,,0,,
2021.04.22.00,36224,230,2719,33062,171,443,,,,2021.04.22.00,116661,735,8394,106459,1808,,,,,,,,0,,
2021.04.21.00,35994,218,2660,32891,248,443,,,,2021.04.21.00,115926,731,8243,105877,1806,,,,,,,,0,,
2021.04.20.00,35776,148,2690,32643,180,443,,,,2021.04.20.00,115195,549,8166,105227,1802,,,,,,,,0,,
2021.04.19.00,35628,137,2722,32463,86,443,,,,2021.04.19.00,114646,532,8371,104474,1801,,,,,,,,0,,
2021.04.18.00,35492,205,2672,32377,77,443,,,,2021.04.18.00,114115,672,8312,104006,1797,,,,,,,,0,,
2021.04.17.00,35287,217,2544,32300,147,443,,,,2021.04.17.00,113444,658,8056,103594,1794,,,,,,,,0,,
2021.04.16.00,35070,216,2475,32153,228,442,,,,2021.04.16.00,112789,673,7937,103062,1790,,,,,,,,0,,
2021.04.15.00,34855,217,2490,31925,192,440,,,,2021.04.15.00,112117,698,7816,102513,1788,,,,,,,,0,,
2021.04.14.00,34638,247,2467,31733,249,438,,,,2021.04.14.00,111419,731,7654,101983,1782,,,,,,,,0,,
2021.04.13.00,34391,158,2470,31484,179,437,,,,2021.04.13.00,110688,542,7581,101332,1775,,,,,,,,0,,
2021.04.12.00,34233,162,2493,31305,49,435,,,,2021.04.12.00,110146,587,7572,100804,1770,,,,,,,,0,,
2021.04.11.00,34071,214,2381,31256,473,434,,,,2021.04.11.00,109559,614,7682,100109,1768,,,,,,,,0,,
2021.04.10.00,33857,201,2640,30783,132,434,,,,2021.04.10.00,108945,677,7879,99301,1765,,,,,,,,0,,
2021.04.09.00,33656,215,2571,30651,110,434,,,,2021.04.09.00,108269,671,7719,98786,1764,,,,,,,,0,,
2021.04.08.00,33441,244,2469,30541,111,431,,,,2021.04.08.00,107598,700,7480,98360,1758,,,,,,,,0,,
2021.04.07.00,33197,198,2336,30430,127,431,,,,2021.04.07.00,106898,668,7214,97928,1756,,,,,,,,0,,
2021.04.06.00,32999,147,2267,30303,131,429,,,,2021.04.06.00,106230,478,7115,97363,1752,,,,,,,,0,,
2021.04.05.00,32852,152,2251,30172,71,429,,,,2021.04.05.00,105752,473,7104,96900,1748,,,,,,,,0,,
2021.04.04.00,32700,149,2170,30101,125,429,,,,2021.04.04.00,105279,543,6946,96589,1744,,,,,,,,0,,
2021.04.03.00,32551,155,2148,29976,78,427,,,,2021.04.03.00,104736,543,6800,96196,1740,,,,,,,,0,,
2021.04.02.00,32397,167,2073,29898,116,426,,,,2021.04.02.00,104194,558,6596,95861,1737,,,,,,,,0,,
2021.04.01.00,32233,199,2026,29782,88,425,,,,2021.04.01.00,103639,551,6465,95439,1735,,,,,,,,0,,
2021.03.31.00,32034,158,1916,29694,136,424,,,,2021.03.31.00,103088,506,6327,95030,1731,,,,,,,,0,,
2021.03.30.00,31876,145,1894,29558,119,424,,,,2021.03.30.00,102582,447,6290,94563,1729,,,,,,,,0,,
2021.03.29.00,31731,107,1869,29439,53,423,,,,2021.03.29.00,102141,384,6291,94124,1726,,,,,,,,0,,
2021.03.28.00,31624,138,1815,29386,68,423,,,,2021.03.28.00,101757,482,6180,93855,1722,,,,,,,,0,,
2021.03.27.00,31486,127,1746,29318,115,422,,,,2021.03.27.00,101275,505,6079,93475,1721,,,,,,,,0,,
2021.03.26.00,31359,122,1736,29203,277,420,,,,2021.03.26.00,100770,494,6424,92630,1716,,,,,,,,0,,
2021.03.25.00,31237,127,1893,28926,191,418,,,,2021.03.25.00,100276,430,6499,92068,1709,,,,,,,,0,,
2021.03.24.00,31110,137,1958,28735,127,417,,,,2021.03.24.00,99846,428,6579,91560,1707,,,,,,,,0,,
2021.03.23.00,30976,97,1953,28608,142,415,,,,2021.03.23.00,99421,346,6638,91079,1704,,,,,,,,0,,
2021.03.22.00,30879,109,1998,28466,80,415,,,,2021.03.22.00,99075,415,6767,90611,1697,,,,,,,,0,,
2021.03.21.00,30775,125,1975,28386,68,414,,,,2021.03.21.00,98665,456,6641,90328,1696,,,,,,,,0,,
2021.03.20.00,30650,120,1919,28318,132,413,,,,2021.03.20.00,98209,452,6567,89949,1693,,,,,,,,0,,
2021.03.19.00,30530,146,1931,28186,78,413,,,,2021.03.19.00,97757,463,6544,89523,1690,,,,,,,,0,,
2021.03.18.00,30384,124,1864,28108,121,412,,,,2021.03.18.00,97294,445,6428,89178,1688,,,,,,,,0,,
2021.03.17.00,30260,120,1861,27987,253,412,,,,2021.03.17.00,96849,469,6349,88814,1686,,,,,,,,0,,
2021.03.16.00,30140,79,1997,27734,208,409,,,,2021.03.16.00,96380,363,6447,88255,1678,,,,,,,,0,,
2021.03.15.00,30061,112,2128,27526,78,407,,,,2021.03.15.00,96017,382,6588,87754,1675,,,,,,,,0,,
2021.03.14.00,29949,112,2097,27448,251,404,,,,2021.03.14.00,95635,459,6558,87408,1669,,,,,,,,0,,
2021.03.13.00,29837,140,2237,27197,480,403,,,,2021.03.13.00,95176,490,6884,86625,1667,,,,,,,,0,,
2021.03.12.00,29697,140,2580,26717,504,400,,,,2021.03.12.00,94686,488,7281,85743,1662,,,,,,,,0,,
2021.03.11.00,29557,138,2945,26213,93,399,,,,2021.03.11.00,94198,465,7871,84675,1652,,,,,,,,0,,
2021.03.10.00,29419,138,2901,26120,151,398,,,,2021.03.10.00,93733,470,7773,84312,1648,,,,,,,,0,,
2021.03.09.00,29281,102,2916,25969,174,396,,,,2021.03.09.00,93263,446,7718,83900,1645,,,,,,,,0,,
2021.03.08.00,29179,100,2988,25795,87,396,,,,2021.03.08.00,92817,346,7701,83474,1642,,,,,,,,0,,
2021.03.07.00,29079,132,2977,25708,80,394,,,,2021.03.07.00,92471,416,7617,83220,1634,,,,,,,,0,,
2021.03.06.00,28947,128,2926,25628,82,393,,,,2021.03.06.00,92055,418,7510,82913,1632,,,,,,,,0,,
2021.03.05.00,28820,129,2883,25546,127,391,,,,2021.03.05.00,91638,398,7451,82560,1627,,,,,,,,0,,
2021.03.04.00,28691,118,2884,25419,168,388,,,,2021.03.04.00,91240,424,7459,82162,1619,,,,,,,,0,,
2021.03.03.00,28573,119,2937,25251,99,385,,,,2021.03.03.00,90816,444,7504,81700,1612,,,,,,,,0,,
2021.03.02.00,28454,122,2921,25152,65,381,,,,2021.03.02.00,90372,344,7428,81338,1606,,,,,,,,0,,
2021.03.01.00,28332,92,2864,25087,70,381,,,,2021.03.01.00,90029,355,7354,81070,1605,,,,,,,,0,,
2021.02.28.00,28240,120,2843,25017,71,380,,,,2021.02.28.00,89676,356,7376,80697,1603,,,,,,,,0,,
2021.02.27.00,28120,131,2796,24946,138,378,,,,2021.02.27.00,89321,415,7393,80333,1595,,,,,,,,0,,
2021.02.26.00,27989,132,2806,24808,156,375,,,,2021.02.26.00,88922,406,7457,79880,1585,,,,,,,,0,,
2021.02.25.00,27857,122,2832,24652,203,373,,,,2021.02.25.00,88516,396,7448,79487,1581,,,,,,,,0,,
2021.02.24.00,27735,144,2914,24449,474,372,,,,2021.02.24.00,88120,440,7494,79050,1576,,,,,,,,0,,
2021.02.23.00,27592,126,3246,23975,270,371,,,,2021.02.23.00,87681,357,7714,78394,1573,,,,,,,,0,,
2021.02.22.00,27466,106,3392,23705,152,369,,,,2021.02.22.00,87324,332,7875,77887,1562,,,,,,,,0,,
2021.02.21.00,27360,130,3442,23553,154,365,,,,2021.02.21.00,86992,416,7919,77516,1557,,,,,,,,0,,
2021.02.20.00,27230,123,3466,23399,321,365,,,,2021.02.20.00,86574,446,7938,77083,1553,,,,,,,,0,,
2021.02.19.00,27107,180,3665,23078,391,364,,,,2021.02.19.00,86128,561,8065,76513,1550,,,,,,,,0,,
2021.02.18.00,26927,185,3878,22687,257,362,,,,2021.02.18.00,85567,621,8127,75896,1544,,,,,,,,0,,
2021.02.17.00,26742,258,3952,22430,398,360,,,,2021.02.17.00,84946,621,8048,75360,1538,,,,,,,,0,,
2021.02.16.00,26484,161,4093,22032,145,359,,,,2021.02.16.00,84325,457,8240,74551,1534,,,,,,,,0,,
2021.02.15.00,26324,151,4081,21887,72,356,,,,2021.02.15.00,83869,344,8548,73794,1527,,,,,,,,0,,
2021.02.14.00,26173,152,4003,21815,89,355,,,,2021.02.14.00,83525,326,8444,73559,1522,,,,,,,,0,,
2021.02.13.00,26021,136,3943,21726,78,352,,,,2021.02.13.00,83199,362,8458,73227,1514,,,,,,,,0,,
2021.02.12.00,25885,158,3886,21648,100,351,,,,2021.02.12.00,82837,403,8394,72936,1507,,,,,,,,0,,
2021.02.11.00,25727,183,3832,21548,71,347,,,,2021.02.11.00,82434,504,8300,72638,1496,,,,,,,,0,,
2021.02.10.00,25544,175,3724,21477,159,343,,,,2021.02.10.00,81930,444,8218,72226,1486,,,,,,,,0,,
2021.02.09.00,25369,90,3710,21318,133,341,,,,2021.02.09.00,81487,303,8329,71676,1482,,,,,,,,0,,
2021.02.08.00,25279,112,3755,21185,93,339,,,,2021.02.08.00,81190,289,8498,71218,1474,,,,,,,,0,,
2021.02.07.00,25167,144,3737,21092,83,338,,,,2021.02.07.00,80896,372,8560,70865,1471,,,,,,,,0,,
2021.02.06.00,25023,143,3681,21009,98,333,,,,2021.02.06.00,80524,393,8555,70505,1464,,,,,,,,0,,
2021.02.05.00,24880,126,3637,20911,140,332,,,,2021.02.05.00,80131,370,8555,70117,1459,,,,,,,,0,,
2021.02.04.00,24755,172,3655,20771,78,329,,,,2021.02.04.00,79762,451,8610,69704,1448,,,,,,,,0,,
2021.02.03.00,24583,188,3563,20693,208,327,,,,2021.02.03.00,79311,467,8571,69299,1441,,,,,,,,0,,
2021.02.02.00,24395,128,3584,20485,155,326,,,,2021.02.02.00,78844,336,8634,68775,1435,,,,,,,,0,,
2021.02.01.00,24267,107,3612,20330,242,325,,,,2021.02.01.00,78508,305,8774,68309,1425,,,,,,,,0,,
2021.01.31.00,24162,101,3750,20088,494,324,,,,2021.01.31.00,78205,355,8907,67878,1420,,,,,,,,0,,
2021.01.30.00,24061,154,4144,19594,108,323,,,,2021.01.30.00,77850,458,9315,67121,1414,,,,,,,,0,,
2021.01.29.00,23908,112,4105,19486,157,317,,,,2021.01.29.00,77395,469,9493,66503,1399,,,,,,,,0,,
2021.01.28.00,23797,105,4157,19329,171,311,,,,2021.01.28.00,76926,497,9524,66016,1386,,,,,,,,0,,
2021.01.27.00,23692,129,4227,19158,130,307,,,,2021.01.27.00,76429,559,9573,65478,1378,,,,,,,,0,,
2021.01.26.00,23563,104,4231,19028,402,304,,,,2021.01.26.00,75875,354,9711,64793,1371,,,,,,,,0,,
2021.01.25.00,23459,102,4532,18626,172,301,,,,2021.01.25.00,75521,437,11205,62956,1360,,,,,,,,0,,
2021.01.24.00,23357,133,4606,18454,160,297,,,,2021.01.24.00,75084,392,11205,62530,1349,,,,,,,,0,,
2021.01.23.00,23224,127,4636,18294,138,294,,,,2021.01.23.00,74692,431,11311,62044,1337,,,,,,,,0,,
2021.01.22.00,23097,115,4651,18156,169,290,,,,2021.01.22.00,74262,346,11519,61415,1328,,,,,,,,0,,
2021.01.21.00,22984,125,4712,17987,225,285,,,,2021.01.21.00,73918,401,11756,60846,1316,,,,,,,,0,,
2021.01.20.00,22859,143,4818,17762,275,279,,,,2021.01.20.00,73518,404,12038,60180,1300,,,,,,,,0,,
2021.01.19.00,22717,101,4953,17487,276,277,,,,2021.01.19.00,73115,386,12364,59468,1283,,,,,,,,0,,
2021.01.18.00,22616,132,5134,17211,118,271,,,,2021.01.18.00,72729,389,12742,58723,1264,,,,,,,,0,,
2021.01.17.00,22484,145,5126,17093,208,265,,,,2021.01.17.00,72340,520,12838,58253,1249,,,,,,,,0,,
2021.01.16.00,22339,156,5192,16885,367,262,,,,2021.01.16.00,71820,580,13030,57554,1236,,,,,,,,0,,
2021.01.15.00,22183,127,5411,16518,214,254,,,,2021.01.15.00,71241,513,13488,56536,1217,,,,,,,,0,,
2021.01.14.00,22056,134,5500,16304,217,252,,,,2021.01.14.00,70728,524,13761,55772,1195,,,,,,,,0,,
2021.01.13.00,21922,152,5585,16087,149,250,,,,2021.01.13.00,70212,562,14391,54636,1185,,,,,,,,0,,
2021.01.12.00,21771,167,5585,15938,404,248,,,,2021.01.12.00,69651,537,14917,53569,1165,,,,,,,,0,,
2021.01.11.00,21604,141,5832,15534,1734,238,,,,2021.01.11.00,69114,451,15422,52552,1140,,,,,,,,0,,
2021.01.10.00,21463,187,7433,13800,541,230,,,,2021.01.10.00,68664,665,17130,50409,1125,,,,,,,,0,,
2021.01.09.00,21276,188,7794,13259,454,223,,,,2021.01.09.00,67999,641,17575,49324,1100,,,,,,,,0,,
2021.01.08.00,21088,191,8060,12805,262,223,,,,2021.01.08.00,67358,674,17908,48369,1081,,,,,,,,0,,
2021.01.07.00,20899,298,8143,12543,114,213,,,,2021.01.07.00,66686,870,17991,47649,1046,,,,,,,,0,,
2021.01.06.00,20602,264,7966,12429,334,207,,,,2021.01.06.00,65818,840,17796,46995,1027,,,,,,,,0,,
2021.01.05.00,20338,199,8039,12095,374,204,,,,2021.01.05.00,64979,715,17800,46172,1007,,,,,,,,0,,
2021.01.04.00,20138,329,8224,11721,200,193,,,,2021.01.04.00,64264,1020,18043,45240,981,,,,,,,,0,,
2021.01.03.00,19809,197,8099,11521,669,189,,,,2021.01.03.00,63244,657,17775,44507,962,,,,,,,,0,,
2021.01.02.00,19614,251,8576,10852,65,186,,,,2021.01.02.00,62593,824,18073,43578,942,,,,,,,,0,,
2021.01.01.00,19363,359,8394,10787,346,182,,,,2021.01.01.00,61769,1029,17899,42953,917,,,,,,,,0,,
